customer_id,credit_score,number_of_credit_accounts,total_credit_limit,total_credit_used,number_of_late_payments,bankruptcies
e19d1ec8-e8e8-4a08-8044-4f666a6878d3,622,2,49237.13,6633.26,7,0
2b35ba51-4ad4-4ca3-a20f-15ffcf9278f2,339,5,17710.35,9280.45,3,0
e413a881-8b60-4668-81fe-85f5ed8dfcba,520,6,74855.15,21951.81,8,1
b857550d-7a7b-4105-9f91-beb027a6afb9,630,1,78678.67,19693.61,5,2
16891a1a-5004-45b9-9d2a-b1480d6b5ae3,467,8,19351.17,2112.95,3,1
01c5b15f-e815-4ebc-826a-2fa5485821f5,529,10,50800.88,44328.08,1,2
13f9e7ba-a28f-43ce-9571-365ac5e3b8ab,775,3,87133.21,28233.37,4,2
e426ef05-6eb1-48e9-b74f-88c3b55f0e92,847,3,12732.89,340.36,1,2
9645d0e8-f80a-4b80-a393-dbbcf26e5c1b,781,9,60148.16,39601.4,1,0
e3afe82b-305e-432f-be76-47af19d5db58,375,6,4559.41,3073.61,3,2
df1a7f25-6b4d-4b49-bed5-1ae775b9e862,599,4,25264.36,3734.04,9,1
a095142a-677d-487f-9e95-caa5784d9912,377,2,1544.9,475.4,1,0
6e3be690-faee-41f7-8d70-4f34b46e42f9,777,7,14088.02,9336.69,10,0
c48ee896-05f9-49d9-b439-3f696a0ae89c,782,8,69733.32,1381.73,7,2
7d5d95c8-ddde-41dc-873b-85b9814e68bb,385,4,56554.02,15135.61,1,2
4b626bce-727b-494a-a226-e76bff62c616,442,7,19081.53,13793.16,1,2
b68ae53b-3f36-47d8-9706-18f9a0852a1d,361,1,80746.62,53037.83,10,1
5bd3754a-68a8-4475-8bb3-aee4ebc8bed9,723,3,82271.73,4119.07,2,2
77ead867-39b1-4585-b08c-a1a5158d9fea,440,4,4613.55,1568.82,5,2
2ee0e8d1-bc1b-48a2-b0d0-5d98e9d4c326,768,4,44776.75,260.66,10,0
328ac89a-c0de-4c54-9be3-8bf6d1c5c877,480,1,42216.33,29839.01,3,0
8178921c-a5f3-4249-8855-a07088bd4bb0,356,3,9339.47,3961.95,5,2
c1450e48-9691-404b-b670-274b6aeba809,374,9,33705.69,16996.46,3,1
ec49e564-ebc2-4e88-ab0c-1c7bab2e8790,737,7,93450.2,51660.91,10,2
3fd60eea-b1b2-45f0-90ae-3335a1ceb91b,616,1,73729.73,11793.05,5,2
de81ae78-7549-4df9-b242-cfab90db6452,334,8,24022.81,14526.62,2,0
2b0d77dd-07cd-4fa5-8233-b70688d2baa6,302,9,54197.85,39127.69,2,1
ac941efb-274d-4ee5-82d1-d0564a121835,620,6,88047.38,61115.48,7,1
dca2920d-e127-4142-b32a-e4eecbf0ac40,780,8,18689.3,8483.42,2,2
ed194a7a-b4b9-4392-800f-cecec7960dce,686,8,71601.82,54791.56,4,1
e9034814-6569-4b12-bdaa-ffc42dfca7b2,756,5,19771.63,17508.39,9,0
6df1637f-f334-4cf0-a4bc-85d53262544f,672,6,93157.2,82792.26,1,1
b4970009-6726-46ac-96a4-db6dd0ebaae3,844,10,66712.67,1735.75,1,2
73c1f07e-f10a-472e-8932-a047636f4584,682,1,1657.16,1181.1,6,2
a8a1c0bb-e9ee-4b32-838a-0a9089341ceb,413,1,13734.11,9862.7,7,0
4256d18b-5efe-41d7-a2f1-ddaef7dd9fe7,446,5,78624.75,12043.74,4,2
1e733c9c-e587-4d2a-8e89-62f5ea127766,570,5,68619.99,62122.9,4,1
634947c3-e39d-4df2-8b53-45aa83fe607c,456,1,49146.57,9611.55,3,2
22dc6917-c1cc-4287-a1ee-d6bba01b85fc,499,7,30684.66,28207.77,9,2
2798dc07-3031-4488-9599-87f600a51508,367,10,89038.11,58327.26,7,2
4c11b2cc-e818-4ecb-8536-a0da813c8ac0,777,10,33892.26,16816.26,10,1
9dd02bb1-6e34-4e43-9547-670fb4d4ae6b,411,10,23504.77,20120.82,7,0
ff86d206-502f-495b-80a8-22a7764b2dbd,413,4,26048.31,8487.91,3,1
3d7467c8-eaf5-4612-b39f-6220a1541d13,671,3,40746.9,26496.58,4,2
ed88a861-7712-450e-8c74-5fa3aee8ee5d,498,10,90331.23,22339.94,9,1
31117654-4f59-4e3e-b469-0691ddcb865c,430,3,57066.17,30134.68,9,2
ee9ae2f5-e1a6-47bc-94ec-9024fdfd99ce,722,10,39338.26,20252.51,9,0
e2716a53-6cc0-4fa8-93ec-97cce8312cfe,591,4,28396.3,11545.56,5,1
284a0aa3-a452-4eb5-aabf-612f30172ac3,301,9,73878.31,20846.08,5,0
8d62bd73-df83-4340-b29f-58b4780ac6f2,843,3,59951.64,30790.89,6,0
266702bd-e396-4bdd-a1e6-66fa2fe67977,306,4,13921.34,1222.86,9,0
a07d50ed-46a2-42a2-9cd6-e6007f8b62cd,618,6,26277.82,14671.78,1,2
4a90381c-7fb4-4b75-a17b-3a16196556ee,771,5,58288.41,29444.79,10,2
fe37bf3a-1b9b-42a4-9c7d-138befa93d8c,408,3,90275.1,9261.7,1,2
b61ad138-833e-4c0a-8e05-9afd2a1f96e9,637,3,36097.77,13200.69,6,2
f7037806-eca7-414a-ba00-292fc93d1770,503,9,38529.53,12004.58,0,1
e7dffe7a-d7f9-4102-9615-e100b383e115,732,2,27499.4,24791.85,4,0
8635b109-0102-4620-9b7d-21fa9ac40d03,390,2,15707.96,9977.66,7,1
670ec9ca-d99b-4a3d-8f9d-8aaceef49452,533,8,84702.15,18314.51,4,2
f7f23751-682b-41c6-b902-853e4e65b939,375,3,40623.19,6650.12,9,1
11ed25fd-0376-4f46-bd90-441bb4d92c95,564,1,94793.14,19068.24,2,2
2341783e-af07-4e71-be22-287b836227b7,769,4,83018.75,76016.43,1,0
9a1f6de7-2aa1-4857-b9c6-7d4714687ec7,834,2,72753.71,37483.32,3,0
031581df-4b06-49fe-9678-839daad22db0,676,1,64924.94,35813.51,3,2
bd15ed26-8db4-454d-ba90-f43ed2247ea3,353,8,43808.65,6594.11,8,1
9563244a-8c15-4598-902a-66341293297d,353,4,2201.7,1048.83,0,2
ee343f23-4ebe-459d-96b9-4122e4ba0536,572,7,86927.54,14566.09,10,0
3da06c59-07ba-4008-bfd0-0827c915300b,461,4,68389.07,52312.56,9,0
c801cafd-f5d3-4f29-86d7-2cbaadeb443a,473,1,89425.31,31262.16,0,2
33352c69-ffeb-42fb-90af-edb5da05bfa4,621,1,33373.9,23868.19,10,1
b7fd85e5-e627-4094-b324-6a1e16e8c212,642,8,41102.32,14467.35,5,0
3ccbfd38-9370-4a62-941f-4b261d2f8355,378,3,15297.89,10454.61,2,1
6f0603c8-2590-490b-a398-867ca30a56a7,505,4,41584.15,29756.49,9,2
0f18f3c3-c494-4503-bfa2-ae9c3a8493a8,469,8,19396.14,17025.31,10,0
91018909-f8c7-4b43-888b-2c6e9e8e8e19,821,9,17342.05,15718.67,7,2
e8781bc3-fb06-4ab4-ad29-e9279babe7c2,356,10,33917.57,10035.21,10,1
af8dbc95-4d78-48ac-8c7e-a27cf4552e3c,737,3,49237.92,20334.55,0,2
4edc73b9-a0d4-4276-8c7a-6b892c620784,635,7,10906.16,2082.87,0,2
13c639f0-66ee-493e-98b9-32d49acb8359,333,1,66126.88,19269.56,10,1
41cb877c-9813-44fd-bec9-ed7fba675137,684,2,41117.78,3320.08,9,0
b90cbac4-f99a-4e09-b218-8a899eccc382,404,5,45706.64,39252.02,4,2
70604924-8846-47fe-876c-fb76a88ee596,387,1,72116.03,36598.15,3,1
27d5d168-0a16-4f6f-a874-bfaeb589824f,332,8,65656.44,38303.15,1,2
0e77988f-9a6a-4afb-b086-b815370f153b,626,6,69231.28,19417.83,6,2
19c57c62-8485-46c2-83ee-93c93f525f4d,784,6,49693.83,27112.48,2,0
a8610643-520d-40e3-9b0a-b3b1452b6ad8,444,9,5965.33,71.37,4,0
1884d518-355e-4317-b808-302e9b991bc8,664,5,39477.79,18937.05,10,1
974164ba-22df-4f85-884e-9c0f4e7254a5,385,2,17302.67,11067.44,5,2
1bb65cfb-8abe-4a12-b0d8-4ff970837c73,650,4,78720.63,58847.82,9,0
fce19e59-55a5-4e15-a7c2-bac0ceab55d1,773,4,65006.15,10487.03,2,2
b5a92e71-00d6-428e-8be5-8f5516deab1f,449,8,61483.87,31829.87,5,1
b7d71f66-4edc-4089-af6c-a740abfec9c6,357,9,50755.63,10820.08,6,1
1d599fd2-fb5a-4113-8330-0b44ffee2c84,442,5,39063.23,21240.8,7,2
ec66fd20-59e5-45e2-b33d-e723515eda9f,366,1,6423.77,1280.21,1,1
dcd6bbcf-98a6-4667-be48-a30b77809269,385,7,35188.44,14228.59,1,1
41337c52-79b3-45aa-a5f5-47e7c8896899,526,6,53758.41,27443.77,7,2
4771227c-1426-441c-b454-8b6c2c7eba0d,762,3,82384.56,66533.0,7,1
82d3e174-1076-40a4-9f01-650e170ce0c4,491,3,83225.0,40501.18,8,2
d4727bd1-713a-4db3-bc8d-475c754d6113,302,10,21007.28,7411.69,2,1
de5015e3-38a1-4c4a-9672-76ebbda2c8c0,588,2,43321.36,34583.61,9,2
a99deef8-e537-4f27-95d4-75a172f665d3,340,9,32055.73,11710.07,9,2
0adc77d0-967c-4150-9290-75bb55cc4b76,782,7,69943.0,55101.66,7,1
dad16236-9a37-4089-a074-0bbc965e992d,832,8,78601.97,4079.4,4,2
cd4376ee-778d-45d8-8d54-dee3d3a0e1cf,431,1,15943.02,7426.26,9,1
6cf62e20-e5d0-4ed3-bfee-96603a84a7a7,301,3,46940.67,37396.61,5,2
e34df21a-181a-40a8-96f8-fef53091faa0,498,3,37253.81,13199.23,5,0
abe8d0a5-16b2-41cc-92a3-973b0d1758bb,781,2,44747.12,23923.27,7,1
aae84329-da79-404d-a2fc-e19e05cd1a35,327,2,98193.34,34989.23,2,1
48483416-ac50-4b76-82af-ffafffe45093,526,1,91045.5,32980.86,1,2
1a7a1912-eace-4565-b794-1d9fe1c19a4f,634,8,29934.52,27557.72,0,2
8a1fa86e-90f2-4a5a-8996-ff849ea71667,550,1,80778.76,28139.82,9,2
1f254670-b2e5-49cf-9d1a-335ad166fffb,744,2,72511.35,9318.57,4,0
e6781e29-a308-451e-a7ee-fcf7cbd9c9f5,762,8,56697.42,16137.44,2,1
e28f7f7b-9028-4a1e-86f9-23bf18d9e139,662,4,79853.33,73889.52,1,1
018ee93e-3268-40ae-ae2d-fc605e2f026f,711,5,69083.83,58870.32,4,1
80ff26b3-ae0c-429c-ae60-0054c3b8f6c1,302,2,62077.52,1427.78,9,1
70cfa227-bc5f-46a3-a92e-7483b17c0afd,680,10,17334.48,13402.58,5,0
aaba652e-52b6-4400-a83c-820f610b3334,804,2,89058.63,36456.86,3,1
d3fb1666-8d75-42fe-aae5-47c525d2b852,647,5,86039.1,32375.92,4,0
a129ff53-7f19-4eb6-9fd9-b68d4d3fdf60,784,3,62606.15,28120.64,3,2
ce4ca947-469d-4e55-a521-6390d5b37626,349,3,14757.59,1071.32,6,2
7ecd0bac-04fd-4d29-a751-b25f828b46ec,737,7,3170.81,674.55,10,0
cdab1d23-4679-4a4b-bea1-084af452c12e,345,8,94347.28,61094.27,8,1
95f60c69-1684-4c1a-90d4-8f8f0cedb32b,353,7,94788.34,70437.79,6,0
f37258d3-6ded-4bad-a87b-711998a73f0d,637,2,5762.68,5592.46,9,1
873421f1-97f5-4225-8114-c365ab71a784,485,10,39810.18,4749.59,1,0
14177432-32d6-472f-ab9b-3150dce71555,481,1,4616.22,1592.24,1,2
a95aac5b-6a8c-420a-8c33-43877008005b,788,7,78521.82,36814.24,1,2
a6715533-d405-4d42-86d9-9fa4cdda7957,619,10,21473.14,17556.55,9,0
579af8cb-d8ca-4064-8ddd-9320934a53de,471,9,10942.76,10570.17,9,1
7f36ef31-6049-4383-a2ef-f7f75cced94b,797,10,98696.9,32158.3,6,0
ab6c9f27-bfca-4a68-8122-09641ba7fd31,625,1,35370.85,26051.28,1,0
a8e49a97-dff8-4532-8efb-1e2d2bdada89,357,5,73454.27,47382.3,6,1
b7c2ce12-c0c9-49a6-a3b4-968fe05ae88f,609,6,72334.12,56343.53,6,1
aa3a448f-0e02-42cd-bbee-07c8e726a912,305,9,74460.18,16508.32,0,1
959cf5f1-6518-420c-b573-c64adf7fc546,786,4,86910.01,31650.15,1,0
946aa9c8-496f-4407-be51-b71f3afe9f38,566,5,63863.72,29190.08,7,1
e3aec6c8-964f-422c-9191-ebf9f57cc0ca,814,8,5496.41,4001.3,0,2
0825c721-f4bf-44a7-a60c-e37f27f31d6d,310,7,2203.56,412.35,3,0
b1c5b1d5-32e1-4e94-8434-1d37e44f0d04,504,1,38043.11,15607.47,0,1
fc0c15e6-905b-4664-b930-d8dafd7cedce,642,9,69326.01,63167.8,10,1
4dfa4a69-278a-4e6f-9d51-8793bdc09ae7,344,2,44354.65,14680.53,8,2
a63a7abc-becb-42b1-8816-5128534139a8,584,8,91832.58,43419.03,10,2
b2dc3c5f-68c3-4bb0-95d6-387100d65973,416,6,43281.24,18734.25,6,2
59882e38-83b6-4d14-9fa5-b36022236986,604,10,74476.29,40903.38,7,0
0eba3c09-9111-47d1-bc83-f1e61204f935,330,3,81748.31,57509.9,1,0
0b37bb86-edc3-49ef-966c-f8d487cf8d18,622,3,36903.23,21429.04,3,2
e2c6d91a-03e2-40f1-a6ff-982e7cca03ed,621,5,97735.75,66396.75,2,0
2ddd1d9c-dc1b-4510-bd34-3dc744aedf6d,691,6,23000.33,11221.61,4,0
1bb47e9d-c7a9-4429-a382-93827f642e9e,427,2,52884.89,50416.65,4,0
01a64564-2e6f-4023-a65a-767c65a43106,772,7,1947.05,1819.95,10,2
563f7fe2-35b7-42a3-9f71-9341818b3898,627,1,68961.3,4981.36,4,2
384c0350-d08a-47b8-a304-2da4d0e373c5,558,8,26784.16,24441.57,4,0
52e73ac5-cf0b-4ee6-9f50-ddc716066f6e,579,2,48640.69,3993.86,1,2
11d52697-0981-42ac-ba36-339fa0bc70ce,364,6,53278.83,44951.35,1,0
ff229d83-0ebe-40ea-8633-0f2a7389b44c,843,4,11578.11,10377.71,4,1
c7d6412a-aa75-45b5-8383-48cffe2fea9c,594,6,58943.43,30161.85,5,0
a8728b0d-39d7-4278-8232-8d27bab7cd16,784,5,82128.25,50917.67,7,0
39b497e5-2117-4520-9d79-490e1af4d30b,499,3,66267.78,53334.83,7,2
e79fbc29-06aa-483c-b4b5-b351d1895e88,409,1,40141.55,5371.9,1,2
3350ac48-3271-4d62-91ab-9f95f25efd6a,756,3,81409.08,62213.42,2,2
95a9ce7b-df92-4441-8380-631ea1927468,657,7,90431.22,15593.64,6,2
8d27b7fc-95ba-46a3-8bb9-d16bae858ed4,667,6,97535.07,56684.97,3,1
85ac8078-1904-453f-835f-765a1b51e228,552,1,84770.43,54315.68,1,2
b04eccf1-9583-43f7-8443-5a6643714c5f,754,3,70830.38,43315.17,5,0
7495eb53-e0c1-4995-97ba-fed91f237e99,554,7,3826.33,2506.86,0,1
d98133b2-0eba-4bc7-abee-0a62f63836c1,843,10,2327.76,395.93,6,0
9785edca-73db-41bc-b2f0-47fa406ec659,514,4,82732.17,56551.27,10,0
331d7b4a-a24a-474d-94d5-e5ddd6d155c7,754,4,36540.09,12690.23,1,1
8be857d2-255f-48a7-ae94-9baeff7b3d6b,658,9,50111.33,2196.98,1,0
41a6f1a4-aad9-42bf-bea9-189f739ee372,725,5,36444.83,6548.09,1,1
e4be55c5-8916-4446-b725-51d88979cfed,795,10,92296.0,78094.16,7,2
3f0dde54-2295-4e56-8410-d229d2a148cb,492,4,51377.06,16377.59,2,2
ebd3a6d7-9253-4b7f-a705-5f9d95cafe7f,763,6,36359.28,16462.92,1,2
dee38b18-a412-4811-9835-6b3d8d13e1e7,834,3,20849.52,20823.52,8,0
63e28e69-95b1-4081-92be-d8c89d78a34e,624,4,46090.65,21606.51,8,1
0f42ef12-2cc8-40ff-afbb-45b59652bfba,762,7,27088.32,7938.35,0,0
a27b2da7-a925-42e7-a637-869a4edb360e,724,3,97421.56,73132.91,6,1
5ea60bcd-0288-4342-8e4a-9ab19222cc2e,555,9,57714.74,50391.16,4,2
c97f5fe7-3d9b-4aad-b64d-f51b8414ad1f,759,3,85525.87,40360.91,5,1
702f3018-d84c-4392-89d3-a9c170e46593,648,8,81928.91,18972.39,6,0
a28e4706-8415-497f-a68d-61e7de49d493,752,5,44710.93,33809.69,5,0
bcd4cceb-f31f-4d7f-be39-37b6125b4719,478,5,82049.01,71277.13,5,1
2ddf5062-6334-4fd3-8e0b-c74161a6ae90,319,1,94582.17,17510.03,3,0
0de1fd81-015e-4c10-912e-9a740851a678,740,3,56961.91,15931.5,4,0
e4ca5aa7-2cdb-4d51-ac5e-07891ce8e848,583,9,29211.72,4160.68,9,0
f4dbaf45-2fc9-467e-a7e1-b8d1a2d43063,662,9,80584.35,44642.96,5,0
8648b5e2-4031-4f76-8fc6-9d089cd80f4c,568,8,5279.11,4814.87,5,1
926b3f99-31ae-495e-86fa-bcff07ae445d,434,8,54891.04,4071.03,4,1
2fccf5a6-5896-44f3-b04d-e09bbd67dbd9,817,5,84696.77,79003.8,10,0
779e0e90-3a99-4634-b38e-1007573c58eb,716,6,98594.73,48891.35,1,1
f931dec8-d772-429d-b297-6a535d20f124,640,4,28511.22,11907.96,10,2
d5b0116a-627c-4d4b-bf63-560827198d1d,316,10,34957.57,1605.2,2,2
dfabb93d-546f-48c9-a498-c1360f4c48ad,300,1,42735.62,744.21,0,2
e0808f5c-e38d-4898-9b40-ed6ece4bc86b,507,2,7151.9,2395.43,7,1
c7f3e6ff-659c-48f2-911c-0bbec1927524,663,8,68252.56,45867.36,10,2
66111459-3e76-4e79-b1ae-f2fc936ef40e,719,7,37928.91,8236.5,8,2
671d9577-94c7-4bf2-bc56-b2b65e80d46c,665,9,52194.53,42593.18,6,0
c36b1952-b600-47f3-9034-b15859002220,472,10,45125.28,38899.5,10,0
dfdf7256-a9fd-4fe4-9004-885dc60207d4,505,1,15357.49,9481.27,3,1
6ade29f7-469e-4db2-a8f1-2eb13aa8251a,778,5,94340.0,49495.15,7,2
17cace11-9a79-4e86-abce-840f96d10307,503,3,42123.91,19607.23,0,0
82849625-d280-43c4-ba36-8d3ac6955d6f,470,5,53448.56,31452.31,10,0
1058938e-d0d0-4fd1-9e90-00c4ee2d9c93,498,10,16965.09,8883.78,5,2
be5b7d7a-e7a4-4d84-99db-219f96a4c3b9,818,3,84332.64,43809.82,6,0
6dc52e2d-d933-4c9b-ad9e-3a9ae841cb1d,628,5,57783.37,56673.86,4,0
5704f76f-d3b7-45d6-b578-100c2f7d8d2c,595,2,55987.82,19761.95,7,1
60dabe2e-0a38-445b-95df-7554c5f6e5f0,554,9,67510.63,25416.53,4,0
2db23a15-9e21-4338-8dd0-b0e4e131041c,301,7,24923.17,9598.84,8,2
a53c6a9e-ecdb-48e5-9b3f-2f13c3ca4ba4,381,7,35923.51,1462.83,6,1
d778f687-f21d-4ffe-b0a5-00869589dd70,705,3,17627.45,3219.49,10,1
1a151c77-5c4b-4f24-9ed7-09ced07cae58,620,6,63049.35,37694.34,8,1
7e964dfa-16c1-462e-8d29-4a8acba001b9,409,2,44924.37,40078.16,3,0
040020a6-0271-4017-8e93-16afeb47d6b6,565,4,82115.7,78234.18,1,2
ac8d3dbb-7f22-444d-bfe7-a3cbc3d11d00,591,2,80660.85,30815.77,7,0
a8da9c59-2e75-4210-bfe0-fcc6c92fb39e,490,3,7715.61,4859.53,9,1
9090d735-3c3c-4da1-bc14-6978982eebdd,722,8,90402.86,50689.28,2,1
e95797cf-b243-4fda-9174-6a9032019f4b,630,7,31440.12,8811.42,1,0
76bd0600-37d5-4cb8-9754-5fdc10534f51,403,3,31042.68,20965.46,8,1
9639f9c4-7224-45b7-ac1b-060c6c549b48,846,6,78666.12,74619.51,9,0
e95d3c6b-83df-4007-914d-23512a11654d,625,7,62859.56,27867.47,9,0
6dfcbe77-e50f-4db8-80ec-3f83dae362a6,447,5,50077.15,45750.34,2,2
c9ead542-42b5-4370-a79f-fd0947ee2a3a,453,7,83922.92,21796.92,4,1
3fc29974-2e08-4f82-8396-aae704782cac,726,9,10454.49,3633.28,6,2
8413e44e-d826-4470-8880-1f3101018faa,422,4,13571.14,3874.75,3,0
b7d23d0b-62e9-402c-bc3c-3c6de9583680,652,5,19359.39,196.44,3,2
f68b5d4d-c904-4f3a-a9e2-ff3bbc2bd211,308,9,19099.78,195.08,3,2
04ee3c29-5d7a-410a-9f9e-af13dc76e647,595,2,74680.08,40864.53,4,1
496b3266-ba85-4380-993a-a6ea808c5aa8,741,10,32986.25,18165.79,5,2
d2d3fee0-cc57-42d8-b842-bc20a0ce60d6,568,7,59511.05,28042.65,4,0
a06d2250-3be8-4732-99aa-f8da468df16c,590,9,96759.65,64349.81,5,2
ff7a3334-d013-4a69-92d8-b5aa772810e5,672,2,24468.69,24164.81,2,0
c78dbe01-24d5-462f-bd18-06c0d274ac8f,319,3,68583.26,33568.99,10,2
a23877aa-6eeb-4894-957d-54be05c45b91,828,2,22421.44,939.8,5,1
e690765c-5028-4163-b86f-88be8b173d7f,398,5,78151.27,17951.38,7,1
e0be8a46-f6c7-4d94-8446-a1c02f8fdace,682,2,58795.58,49976.49,0,1
fa8eea02-87a2-4e5d-a34d-0df99649ad8b,742,8,61127.67,3737.1,5,2
2413dc5e-8f6d-4332-8207-169e68e9d996,509,5,26085.4,6379.23,2,2
4f841ec6-ba6f-4041-a61e-f021e3fe43af,502,10,19942.99,13059.89,1,2
9df9bd00-d3cc-4e47-a549-7bf6b9bc15c1,712,8,12856.09,1777.83,8,1
14888a6b-60c7-4730-8801-820d2c36c6eb,544,10,51416.84,29248.31,4,0
909e437f-fa58-4791-bc0f-21351970c80b,310,6,25862.65,7607.55,3,2
488154e4-8147-452d-bc80-f79f03b145c6,420,3,67786.82,10334.16,9,1
170894e0-36e8-4c67-b8e0-8544be7d53ad,552,4,36188.56,27805.66,1,0
667aa073-caef-4326-9f25-19bd713257ad,300,4,60260.78,18014.84,10,1
3fafe157-ed76-4b4a-9bcd-55993747041f,819,6,30150.65,12104.44,4,2
6fd69f10-edf9-429f-a9d3-2b81bfd42ebf,519,3,11875.42,9044.3,9,0
61eeb913-6733-4cb4-8cc1-e373e0567204,613,7,32954.12,25831.33,5,1
29b4da39-b15e-493d-a256-8f0a113f561f,738,8,58990.9,57404.38,4,0
c097138b-b048-46a1-ab38-1ba21ef2be83,761,5,74474.07,31690.58,10,1
7f9b103a-9ca5-4807-a1b5-2de787ff70f1,348,1,53489.37,53026.62,5,0
9fb02bf3-aa6a-416c-a5e5-1fed0f104611,517,1,32853.08,17413.35,8,0
17cace9f-becc-4a5e-a11b-5a860042a534,465,6,83551.93,13902.42,2,2
eaa6c2c2-a258-4e09-9906-22ffd2895909,301,5,11371.34,10392.96,8,0
279a05d0-fdef-4256-81b9-46166e377acf,835,4,20187.47,5921.52,2,1
4dac7f89-2b5f-4b7c-9127-c465dac45810,382,8,90216.09,81421.21,2,0
9d9c0e08-d78a-4026-9673-d6c69f61f6b8,325,3,57289.22,16721.83,8,1
96c897ae-68c0-445c-8e7e-e965e3469457,409,4,39102.6,15519.82,4,2
f0d9843d-5e9e-4075-9222-d6cc50433563,404,5,76028.86,58644.61,2,0
2fefb6bf-bc7a-4437-ace5-6955e23210de,655,7,21827.34,5835.4,1,2
184f166b-8eca-4a28-9a14-acc564870f7a,495,7,82602.03,10388.39,6,2
4d897ffd-7a08-4c2a-ba42-2226c6f24fde,700,2,14290.42,803.49,3,0
e97d522d-273e-4ddb-bc5b-b278c65d6437,323,7,92898.01,6287.92,6,1
d5363416-7ee6-470c-acac-d56cfb826330,485,10,91848.81,70404.88,0,2
6b7be933-c455-4544-a565-62cc9de4807c,532,10,73217.86,61667.0,6,2
e3a5f43e-091c-485c-8ac6-310b770063d6,372,2,11913.03,11726.89,0,0
80d0aebf-9a80-4b27-9ead-db8baa46059f,507,5,41452.46,15911.43,0,2
f223ad7d-85b9-4a8e-8ad0-526125da2fae,342,9,58852.95,48008.66,6,0
77868dba-25f3-4573-a0d8-8bf084ff3a87,410,3,25001.7,14822.81,10,1
5bcb4eaf-7d44-4951-8108-f0745a838317,466,1,72387.96,57241.65,4,2
4cac9c30-6016-45c6-abc3-45ae5e27f070,778,1,83374.68,71587.53,10,1
afa6fa70-5f34-4863-af13-427e2f77d130,640,4,56892.88,13741.54,5,0
79f1e502-f001-4575-82fc-b1e301437412,849,5,39811.62,38349.67,0,2
1921accf-e454-4a3d-9f50-53f0ce904283,777,6,15134.61,1849.52,3,0
6a1526e6-838d-4655-aa80-200a44798fa9,406,8,76634.57,39032.46,3,1
723e04bc-e5f1-4c19-a454-fa691a057a3d,712,4,97942.81,26802.75,10,0
d9eb4feb-24f9-4ba5-af7e-5745f6e14ecd,708,1,95346.93,30655.4,0,0
76412fe0-366b-4acb-ac95-a5ecf36dc88a,629,6,42442.29,14283.57,5,2
96b5342c-9a47-4bf2-823f-5cc20f2d30c7,321,5,2406.45,1603.54,9,1
661f3326-26e3-4346-af9d-39954250a453,803,3,48878.89,42577.92,2,1
c5a14623-bc12-4b07-a1ab-c65bf59f7799,591,3,23537.61,16509.16,2,2
24569a71-dcfd-4ad8-8464-d9b40aa0da77,639,1,95089.37,81077.19,4,0
1521f8a4-c824-4ab3-8668-12c2711fa5b4,706,7,96488.66,10453.67,10,2
7dbf5c71-1622-4145-8f16-b0678a20d99c,612,3,66693.18,48518.61,3,2
af8be361-10a4-4c5e-852e-59e91d24147d,648,10,53354.0,37975.69,0,1
539941af-6683-4433-888b-3817bd2e7b19,375,5,14533.59,5457.82,7,2
851db6d1-6d21-44e7-ba40-44181635e85b,329,10,34617.34,19474.88,3,1
82e70579-a165-4a3e-b070-b76970b46b07,769,7,5056.05,4337.89,3,1
b2423a58-30cb-4f0f-a717-9f608a3c2eb2,522,7,50055.69,47111.95,4,2
613dd66f-f8a3-40a6-94af-c6d50b13b71e,456,6,23384.04,5563.71,6,1
3887a03f-7686-4a79-8f5b-b84197e65307,726,8,80053.18,36694.1,6,0
cabe3c80-9867-41c7-90f2-8255f0b794b4,668,8,15506.62,6682.04,10,1
e5872e4d-b8e7-4ba7-a7b4-fb7cad0c1a38,457,10,68169.36,53225.76,0,2
47b89065-13bd-4814-a0d0-fb4e6d2a3a4e,328,2,15047.75,572.72,2,2
cb17fa99-7ebd-402b-9867-4c3bcff8b5e0,605,6,28692.67,13840.52,3,1
52e03c8e-19f8-44f3-8c92-7312fbdab191,783,5,41169.68,5368.85,3,1
5038ba82-e62c-4804-b818-518c10bae697,586,5,3955.59,1260.3,0,0
c882bc58-5707-41c2-8d3b-000474dcaf2c,617,4,16020.44,11205.5,6,2
ba6c6dbc-c4a5-4c66-81e1-823885e17dda,442,8,90061.54,44858.67,2,2
5905395c-ee23-480a-8178-21b0edb44c80,747,5,9614.21,6433.2,9,1
0696e8fc-dd1a-45bc-a565-a20d2aa45bc6,758,7,97070.1,70136.01,7,0
3902c473-747e-4083-966e-efbea6d5551e,416,8,64735.62,59758.31,2,1
ff90c99d-112d-4b93-ba85-1afb1c36bb61,618,9,17557.67,15325.91,1,0
9b13f646-9318-46a8-ae0d-6f15d9af82a6,718,10,24324.76,17642.85,8,0
cb1a0eb0-b278-41c5-93e7-c47f4ee934e5,711,9,38431.77,12622.07,8,1
facda844-7bc6-4044-8ec0-2a522ca1a763,576,1,47960.09,19573.06,2,2
771a7eb6-05af-472c-a6d0-82bf6375b01a,671,7,79333.81,67792.91,5,2
2aae41c4-c01b-45af-9318-6fafef364c30,819,10,51158.99,44223.91,1,2
f9676c09-406a-4787-b3bc-fdaea30ef884,614,1,54424.85,46478.13,6,1
3c04299d-557f-42ec-90ec-678ade266a47,543,2,31841.28,4622.35,5,0
9113724b-198d-4d04-b340-197e9e6ff6b2,527,10,88876.62,43777.06,4,1
01e33172-13e1-4e11-89f8-b64231e173ce,402,4,82885.01,16135.93,9,0
0c99521c-55cc-4729-97c7-4b383d53b71f,770,1,19919.41,3344.6,2,0
e84ffde5-cefc-4fd2-8998-50cee0ec8487,431,6,64868.75,20750.47,1,1
59286e00-9eea-46bc-b9fb-65acb2f7661e,819,10,29399.77,6634.74,7,2
bdba1ca6-f3f2-4c95-804a-63f59f37c6d0,442,6,8542.71,5437.85,1,2
cdecfb69-efa8-4e62-b2b2-8e69e3452fec,613,4,19164.42,12080.24,4,1
2119d83e-ff8a-4cad-b933-f549067f3de9,360,10,16019.67,1977.19,6,1
007dc8a6-1bdc-4b68-87a3-610f108d13f8,471,9,93362.07,10271.25,8,2
8fef9795-3642-47c9-9a06-3aafb4a96250,841,7,32962.14,6683.94,7,0
18b67e8a-92f9-4205-ba2a-487583b74f93,315,10,81094.59,67631.67,2,2
821df60f-4f57-4961-b699-f729fda73bb3,682,9,23838.1,11300.61,6,0
3b6e048f-9767-4dc5-bb8a-ac4a4cec9e2e,376,2,78404.23,35742.72,0,1
e25dc59c-f0d5-4d71-8fb6-1219fb3ed28f,534,10,80553.85,26917.7,8,1
f24bfbad-ef6b-43e8-8d4c-60c81cf34b1e,661,1,44615.74,42311.39,6,2
8afa5dfb-4583-4c8d-a0a1-5f2bb4c0acd7,691,2,62903.7,41286.99,5,0
06be31d1-c0e6-4f9d-883b-c1649b289509,319,5,48070.89,10304.35,5,2
1b98c580-b04b-4da2-8010-328d76082909,572,8,10882.01,9346.37,6,1
0bd8b9ae-5293-4c15-8d52-6a567b0d61ca,729,5,2449.29,629.66,6,0
647f53f4-9409-4f05-955e-396bf801f9ce,626,6,97930.44,46093.5,8,1
b695d07c-61e8-4a58-9b7a-b9c0defdeee7,789,8,88916.95,60653.09,3,0
fdd8864f-7d64-4b10-9e12-6028dd5e4ae8,527,9,8536.25,3961.49,1,0
e4d1d780-9958-453d-83ea-af962015d8af,699,7,20089.8,13964.21,2,1
1fa84d7b-0c71-4597-b52e-e99bfeec4158,761,8,29668.64,20719.24,2,2
105a8f70-5cb3-4c38-962a-562930cf8efe,587,9,28436.88,10647.48,9,2
a4a4d2ea-9a75-40a8-8738-a334e74057b5,319,7,87290.96,40189.44,9,0
7a5b2bd4-2831-4eb2-bdff-f1f90764acc9,769,8,86592.23,69997.2,9,0
e66996a5-75c3-41a9-9b5e-6e6961c0ae2a,793,6,26361.62,11590.68,5,1
4e9a458a-f2fd-4e82-8f3d-34712896635e,421,9,44146.06,14608.12,9,0
c7f277ad-f07f-40b4-8ca8-a8c59d232052,676,8,85282.86,71601.36,6,0
810f290d-ca8f-47fd-8271-94d68a530953,723,2,70298.2,45099.21,6,0
6c7bc36d-c48d-44a4-b31d-feab6bd8675f,801,10,72897.78,28449.98,0,2
ac5513e4-0cce-4ef8-a748-2dc4241c1b64,437,10,91926.29,23100.95,10,1
badf879b-bfd1-4741-a15b-18372c7cd6d3,716,4,29098.9,7823.16,5,0
ffd3924e-8708-4033-8c11-5c90e9b6e1ef,479,4,87045.07,18155.88,9,0
fa034672-2e46-4869-bc31-2c41b3bf9132,494,9,36869.3,30756.23,1,1
0965de29-f0aa-467b-871a-6ab10d836fb3,309,10,55773.52,22214.19,10,1
8ddbfdcb-bd0f-47dd-a231-70250e4477ca,747,7,31987.5,22071.29,7,2
55a3c447-6482-454d-beac-b95755d0291b,404,1,23791.34,16713.41,7,0
caf47be2-e26a-413e-8edb-0e1d5cfd41a7,587,4,96836.05,22435.15,4,1
e1cb6901-4606-4bf0-b0b7-141e7f854c19,602,3,84383.27,63938.57,5,1
cc21434b-24b2-4279-8b02-36af4da75cce,314,4,13423.28,5398.81,2,1
49ab8b12-4891-47b8-983e-de7f462f6478,832,9,10695.06,7067.47,8,2
c041c0db-c6f0-4638-9cf7-61f526492580,800,7,57777.21,54425.12,2,1
a9aa7180-3a46-4289-becf-bb3866cb6501,624,4,87410.0,357.09,2,0
22804147-d3bd-4fa8-a4c8-94682d165f19,731,9,63528.11,61182.53,5,0
4efd6691-602a-450f-9b06-8207de23584e,719,8,42684.48,19451.13,8,1
59224307-11a9-4702-8fd4-2b9206590127,498,10,71011.65,450.29,0,0
a336937e-7d0a-4b15-ac54-61763e1c23f0,425,1,26308.43,22994.43,7,1
bb2659d2-e422-44c1-b06c-810902f0f7bb,614,4,85257.54,80559.56,10,1
db9daea4-0745-4d97-97ee-c995e8081f9b,550,7,93392.66,36606.64,7,2
d26ccc25-76fc-464f-85f8-b52e8fd24c9c,379,7,55587.46,6297.93,3,1
734b4291-62d9-4d57-9e7e-01aeaa2535ed,774,9,90478.78,18241.88,3,1
365fafeb-a2ad-4638-a8fb-7ad93e5d40b5,410,7,78427.72,26386.83,3,0
f7fce5ea-2f34-4a6c-a228-04df2be88251,477,7,38920.87,20592.83,0,1
2a9fd246-e1f0-48d6-9f9d-27a8b0668667,754,5,93680.87,50755.99,10,0
07c9d428-f194-4d5b-b41f-21f7760ea68f,568,10,23377.72,21657.62,8,0
9053c5d5-a600-4fa0-acc4-70b2368d0626,664,6,48503.46,8804.83,1,2
ea57ccab-5723-4f2d-be68-6dfc8c12e081,534,2,50231.92,1230.02,8,0
8a4d7fdb-9bec-4e33-bf2f-333ca1460d42,460,9,80228.64,78924.81,2,1
f2a6c5f2-626c-449e-a2f1-1362ea385748,547,1,24867.87,19667.39,7,1
42f2d15d-34cf-4de3-a4c6-959c70f7a106,439,3,83797.47,17561.64,5,1
317e62ce-ced4-412a-ae8b-f51139095f71,342,3,40765.89,36452.8,3,2
8052b9db-73ad-4de5-afa6-bdc5443a36a5,649,10,64082.98,58545.5,0,1
731cd5e9-832b-4300-ad98-96adba2fa22b,483,7,30628.72,20944.56,1,0
53b8bc64-02a2-4577-9574-92c0b68ee786,675,2,84489.76,15353.58,10,0
1fb74cbf-08f8-4a7a-84a2-4906d5cb272d,639,4,15046.08,14537.86,3,1
785fc070-46a4-4e4f-88de-21dc0c1f8282,674,3,61236.71,18908.16,7,0
abb64ed9-77cd-4570-aee4-5bc64a200de6,394,6,8525.52,7737.13,5,2
24d001f9-b0c8-4864-85a2-d9ec37983261,811,9,9305.78,1203.05,10,1
846fc955-abcd-4399-b2e3-404bc8234498,503,10,67773.37,25720.32,6,0
5dd852e9-4f92-4188-9f8f-836730b4d1a7,825,6,33493.31,18452.06,9,1
c7d161c1-19a6-4e05-9723-1b0c7f15f8d1,501,2,65578.75,25224.37,1,2
33c73eb4-f8f8-4e15-a4d4-e3b06d2f9c13,652,9,92230.52,82718.34,3,0
726687ce-d1b5-451c-9bdc-1b6dcb36ad2f,462,7,41016.85,35289.5,3,1
24cbbe69-e941-4c65-bcff-5c6416fd0ddd,673,10,91925.4,59484.29,7,1
489ae042-b6b3-4793-a663-5a5677e2f706,369,3,69110.84,60609.3,5,2
f8d05210-efb9-44ef-9cd3-5e8e0caa8661,502,2,97606.66,15725.83,2,2
bb5b4db1-5356-4635-a160-8c3ab4db861c,830,5,55488.12,33378.06,8,0
fabfed51-73c3-4150-a715-b21e6527807e,513,1,22275.99,20386.27,0,1
0a15a507-1a7d-4a67-96ec-515a7e2e508f,415,7,50226.1,3613.01,7,0
f4385256-acfd-4eec-b25e-5e9e65080251,811,10,37499.62,5210.22,8,1
e646c8e7-3730-4f07-a8bf-49549c71f88d,634,6,24471.06,13724.23,6,0
2ad4279f-9750-47fd-a2cb-ee62c9f60c55,332,4,51520.89,12991.04,5,2
3d9cf937-6cff-43f7-a79b-b0f2820eacf0,637,6,97077.41,85415.82,4,1
63c06605-bbbb-4cc1-a4be-673de0e5689b,590,4,87725.59,15888.85,9,0
c4971298-b4fb-499e-9fac-9fff7dd9c32a,752,5,52808.6,36623.55,8,2
683477a3-2c8f-4b3c-965a-aeca678dd836,609,5,20047.26,15455.84,5,0
818ecc85-81da-4208-9b31-9d0485c6c6dc,780,6,42431.41,37176.81,2,1
c89b9ff3-3ff6-4888-a157-8bdfff2152ae,426,5,67271.43,52515.01,8,0
ceb3e1e8-5efe-4df9-a722-901f5a2e4e96,773,10,90125.48,64438.09,2,0
aaca9a3a-57c3-477b-8902-4086963b6781,800,3,10613.63,4288.72,0,2
3a65089f-f430-47e3-b53b-ae091da25fdf,323,10,15495.98,9763.55,5,1
65a2dcc6-614b-4592-8f26-c46ddc9ab357,657,5,70885.75,37020.74,8,0
af5e0d47-e529-49c7-a108-b0053819f9af,555,6,90977.48,76426.49,3,1
17ef8eb5-e7f4-479d-94de-a114b98c7bdc,801,9,13555.15,10738.96,4,0
10c5e066-35bd-4c91-8cd4-2c3c823e0940,355,6,28122.82,7942.36,3,1
e1de905d-14c4-4f77-ac69-1d6545615980,409,6,13387.62,7830.71,3,1
0412d14d-a3a9-4f8a-a4d6-690e1fe677e3,539,7,9038.42,5223.04,0,2
f00ae284-e12c-40c4-bf1d-568766f8437a,614,5,14173.32,4659.55,2,2
2b504b4c-2406-4ea5-953a-c044c8a91740,395,10,95022.46,55235.99,5,2
0b00607a-5fc3-4ffb-9dd3-88368c52ef35,792,5,81820.2,67959.43,5,1
c98cbe41-c8a0-4591-b8ca-59bab60e82d2,364,5,97981.78,38453.33,8,1
899e1b0d-d476-4279-ac69-5678174c837d,418,4,2360.77,1846.85,9,1
28615ca3-ddeb-4ec0-831d-7d69131500ea,361,1,16858.6,1594.15,8,2
4b260c3a-9929-4a09-aa3e-d5995fe7c648,765,5,39294.44,29533.76,4,0
df7adffe-3dd1-46cf-8477-6df05d24f29a,667,6,15624.76,5435.54,4,1
69911636-99b9-4cb1-9266-582332e6c0d1,471,8,41890.62,854.12,0,1
ac54784e-ebe9-4c3f-b5a4-f6d6fe0d302f,694,6,8274.94,201.63,9,2
be02f997-bc60-4b57-aa14-9628a52a0a69,551,5,77935.8,76922.21,2,1
1c4fa53e-38c8-48df-8f2d-bd24566d2bcf,765,3,48738.15,500.08,8,0
b5024b55-0ec8-4db4-9b1c-9ddcb73a1804,531,4,7661.7,2870.93,0,2
c041dac0-d22e-4d50-b966-ba25ca2deaf0,301,1,65992.95,54259.61,3,0
ef0c8323-65bb-4b39-bcb9-70a27518693f,449,7,91216.53,64555.89,5,0
7756f2bb-4c55-4862-a10b-61ad3b02ab82,325,1,28398.28,5927.0,6,0
d573922a-50ea-4121-aa4c-3e914caae73b,651,7,68967.05,37388.87,8,2
b8cd2d26-1c98-408f-8099-03409246706f,840,2,67445.83,61397.55,9,0
269d7c67-9016-45f4-9d1e-0102263a5704,545,5,99641.25,70630.79,6,0
ac181011-d67b-4e00-90e0-4eb5bdbffa4e,772,9,70878.64,60065.47,2,2
542c8e07-c0d8-4cfb-9df6-3fcf64a1de76,517,9,9792.51,3892.04,4,0
7b2a60b7-d966-4841-be98-c08e3dabd66d,473,5,70036.53,22495.35,5,1
cb27bb9a-e322-4316-a550-2575d21de641,403,9,41709.84,8671.7,9,1
92a62ff2-6499-49c8-9624-a8de5f1afcb8,428,4,38949.2,9853.43,9,2
37c04cb2-11f6-4efa-ab3c-3d2bf3431184,826,3,16512.65,14836.86,4,1
02233ed6-fe95-4dfc-b79f-bddd8c0fcce3,461,7,97474.06,60742.34,7,2
bc3f0861-1fe7-41ac-a702-f16fb703343b,639,4,11027.28,202.17,0,0
e298abd5-160b-42b1-a40c-58da0a5bade4,565,6,73203.3,47699.51,0,0
35ffc092-eee7-4e9e-9143-3b62390a6d46,716,6,11477.67,8515.1,4,2
5f933adc-aeee-4c4a-beb3-e38a4951f993,484,1,34739.77,20407.63,6,0
e8fcb47a-846d-484d-9e90-2d15453bfc89,444,4,91491.47,65147.08,1,1
45fbedc5-0e10-41cd-aa07-652e932a99dc,436,4,39029.62,411.79,2,0
7158ca7f-6c00-4ccb-8b5e-e6f0d3a34b52,554,10,41082.77,706.51,9,2
7cfa93fd-11c0-4f11-805a-ff9a1b2e6ef9,638,5,78793.66,7053.83,2,0
fcf80289-387d-4a14-98a4-a7b3fe5b749c,679,2,14758.13,140.7,2,1
ecf7baf1-5493-4b1d-aefd-28bc14da2a8e,735,6,36225.76,26478.11,0,0
d5fab65c-379c-4cbf-8549-56a8c925fa61,559,5,64380.86,11249.74,1,0
3348aed9-e845-45ea-bc18-17c432114ec5,342,8,5681.99,4662.06,7,0
5a8ac77d-71c9-40f2-89fe-1656e8ecfbb3,751,1,29568.37,2836.8,5,0
f9e660ff-62fb-4f3b-b27e-7c3e5affd06a,358,2,96153.19,62241.47,2,1
3aacde44-cc3c-4463-8ad8-b46cb87b0d32,830,1,26383.84,2765.65,4,0
a908d933-94ec-4209-9985-4703e428e9cf,545,10,89131.7,43048.46,7,0
0e396cbd-7f5b-494f-9501-1f9cbff9910c,679,3,66750.62,48525.79,2,1
f6c057dd-99e8-41ee-8ef1-456a22b4d395,440,4,40254.52,19901.93,5,0
b6a99a87-e19f-4afb-87f9-3228c4871cbf,676,2,26474.38,16604.81,7,1
c4eafb97-7617-498a-9786-0b7800a615c9,432,1,35897.0,9621.68,8,1
34a69cdc-1bda-487e-a95e-ed2e4f6497ad,654,8,48603.16,35896.34,10,1
6a1ede9c-0dd8-4c3f-895c-b2b42e8eaebe,816,8,49631.32,23947.08,5,0
7cfd8f36-9be9-403f-9000-97285c2d8de1,646,5,7353.54,3543.01,3,0
305820d6-7108-4236-8160-724bc5592c2c,665,7,12657.59,8282.23,8,1
c38a4e1f-f83d-46e1-9096-8208cb45732e,497,9,89957.54,40871.65,7,1
fa890ec6-619d-4e68-bc15-8bc87fccc3cf,508,10,75065.48,45202.79,0,2
f7e65fae-683d-423d-ad00-009e6bc09d28,747,7,38653.58,29280.15,2,2
865dc72c-134c-4dbb-967f-325eeab8ef3d,466,2,33796.5,5101.64,8,0
5b8745c7-dd78-4d39-b0ad-4462ad517c3d,807,4,10692.58,364.6,6,0
209fc48f-38ac-4d52-a16b-2d507b4a09ad,410,3,85138.21,313.92,10,0
18bab867-833d-4bdb-aafb-23c71563921c,847,9,57471.25,18424.11,2,0
4f7c04a3-b860-4bc9-aab7-f8a19ba44f2d,528,4,23853.13,23523.44,2,2
22fff0ae-4e47-48f2-b4f8-a13ee28e34cc,464,2,7033.73,247.22,9,0
5a0b92f5-b229-41d4-a230-9e2adb85b967,542,1,22716.91,13248.18,5,2
547c48d7-0003-48af-9a08-5f1c28c2ad84,814,1,37979.71,31839.06,1,0
310dc5d9-4ba7-49d4-b15c-da4fc3b583e5,815,9,10163.33,7952.22,6,0
412b77d8-30f9-4b76-97a3-e0ab5c9f7770,827,2,48587.88,14671.67,6,2
45639d82-b1ec-4024-bdb8-ffcc716b9b7f,631,8,7257.32,3203.45,8,0
3b2aac17-8834-4dd7-b6ff-9d96b84ec4b4,655,8,71998.19,36523.13,6,2
37b24890-fe9a-4098-8aff-36bfa3d59a3f,333,3,91851.26,74462.24,1,0
af0ba4e1-cff6-4bbf-ac63-047fc960fbd9,622,9,43667.48,18626.52,5,1
2e2c7f94-dc6e-4315-9659-46f5a98e1dbf,525,10,12184.37,11032.21,5,1
3e848cf8-0535-4788-8ba5-3d7af5dd5ea4,499,2,98210.46,34566.76,2,0
ece12733-f068-45aa-951a-e3b4cfe1bf2c,575,7,56716.19,37152.64,3,1
11eae05f-e4ba-422d-bef1-9592aa7db6e5,753,9,43768.74,25366.27,2,1
d5df03ee-e9a0-46d2-9156-3d199c7fdbcd,813,7,79825.85,68993.36,1,2
e59dcab2-2a14-4337-86ab-b96114b4bb51,683,7,77022.7,1857.46,9,0
5a5b987f-f9fa-41ec-9315-82a57c547caf,751,9,78915.87,75309.21,6,1
3e909f2c-2f08-48e8-aa79-299d6b35ccc4,530,6,32185.64,19616.22,8,2
7cfa14ee-8e35-4dd8-9266-1e62f2e17634,769,6,67808.75,42592.33,4,1
29721025-5e35-480f-a7b2-71bf43fd6cdb,445,10,46108.38,6442.84,1,0
0fe14ec4-fd82-4c9d-8429-9cd6a55fc899,415,10,89747.32,62734.73,3,2
ec035040-0e7b-4f60-ae57-0a53073a2631,829,5,2566.78,2271.7,4,0
460da795-88f0-4db1-8480-55e050f8b03e,712,5,76815.84,22521.65,9,0
df606efa-b33a-499d-8bea-90442006e5fd,594,3,36625.4,5648.63,4,0
e5159e4d-1c66-4198-8180-928b5304ed08,447,2,82640.32,72546.81,1,0
5c164c4f-2ff3-4f1f-90cb-0678871ab2f2,341,10,86367.52,71255.49,3,0
55df8132-42a6-4c0c-8f96-054e224b8169,829,3,72807.01,41764.48,2,0
ba3b3068-acbf-41fc-b8c8-36b4d70d95c9,751,3,10576.15,9312.2,0,2
b065a594-15eb-432f-bc6f-13aca789aafe,376,5,29840.84,3421.06,0,0
837e7e41-227e-438b-83ff-c5c185ed4a3d,757,4,14489.77,13250.48,0,2
d63f7a0f-8f44-40fe-b265-5e4b67a0d88f,773,1,24946.03,7289.26,3,1
0f1326bd-57dc-4df6-834b-54c667c95241,391,3,62823.24,9202.75,1,1
90454fb9-b53b-42e2-81f5-6bc7025358f1,659,3,63018.62,56469.57,1,0
ece5f08a-dbf6-4891-81e1-de048130590b,728,8,20648.78,16094.72,3,2
82114d14-14e1-488e-a83a-3dcb152521f6,515,9,6597.55,4700.43,6,1
0e788cff-6327-4492-968c-8610d36c9605,600,2,95819.14,5453.73,4,0
7a818530-233c-4c56-b96b-9f5697148131,689,10,53346.02,17892.77,10,1
094fd707-d390-4db1-8b05-ea261d8afbb6,698,2,79361.61,65748.24,2,1
6d093fe8-4f25-40a7-ae23-8c9ae7e9e3ec,418,3,48051.65,14412.99,7,2
a078de6c-d12a-4164-ae46-051b5128d6ab,846,3,85530.53,37943.49,0,2
5e5fe47a-a3c1-438d-ac17-229718fccd69,304,1,89913.92,29717.17,8,2
f346daeb-5367-4784-a524-a5459d1b982f,819,7,91361.62,819.74,6,2
7054649c-1989-4887-9b5f-e6717ffb5f81,783,6,13868.61,6565.4,4,1
fc7bef11-8685-4187-9a8c-c7af11c070ad,783,2,30998.54,9973.66,6,1
b68ea058-ae1c-4a06-a223-f38f3facf546,367,1,72649.01,65181.04,1,1
4591dc4e-29ef-4356-9daf-a8a3c462f9a7,340,6,57861.78,30445.51,2,1
e712cea7-6fc8-4537-81bf-814af7b61e31,589,3,52104.3,49793.85,3,2
bd6f832d-f4be-4941-bf71-6faa8622f66b,341,3,33579.43,32844.99,5,1
537ec0bc-d2b0-4e0f-b0d8-31b9f14171cb,802,1,72574.43,26814.72,2,1
67547e80-a808-4226-b894-38db9807021c,612,6,38102.22,6171.84,3,1
d8e22434-23c7-47c3-9206-6b3e95210689,607,2,70359.15,40221.86,0,0
412b8e5e-8867-4f3e-b882-ef3b6ac12885,645,2,60007.83,16333.3,3,1
5de8800a-c649-445b-bb55-2c3294410027,685,6,75417.5,11857.95,3,2
dbe0424b-8618-45be-8efd-5bd031cbe7ab,744,1,67346.07,34975.16,4,1
4da5f896-574f-4841-9886-4e9bc33e2f37,351,9,50329.17,39907.23,7,0
06a35835-fa89-4321-ad22-6c2f42309f61,776,3,30721.01,18662.37,0,1
43fc0b87-de94-4fb1-a5d3-51cfc2e4402b,594,6,7366.65,4231.56,3,0
8f77c399-9770-46c3-97f6-855128f889fa,668,8,42815.23,21008.51,4,0
f311f571-ba7d-4717-b3d5-0c1997413b07,348,6,48683.09,38150.54,8,1
046ec589-9286-4d58-ba31-52d03cf0c0e5,456,4,94626.1,81671.28,5,1
d73af451-2591-4538-9414-f92303db4a50,600,10,53291.92,23648.65,10,1
952a66d1-3cd8-4594-a32f-d9499228a1ba,826,9,23289.33,786.3,7,1
68caaf24-698d-43fd-a237-7811cb660180,695,3,97871.57,51553.03,2,1
10d0bdec-9da5-41c6-975f-66fd486576b8,831,4,71197.18,35755.28,9,2
64f322b9-2bc2-4ac0-9167-574502557860,675,10,80869.22,69929.17,2,1
352f59e7-63fa-41c4-a23b-a5a2588bceeb,729,10,7266.84,117.97,1,2
7a6e7c7a-2a20-4071-a3a3-04d3f7f9860d,658,8,10344.57,9616.92,1,0
0ec935d7-fb04-474b-89a6-2ddef8107572,322,6,37126.01,29955.03,6,0
23451812-6ddf-49cf-87f4-53e63c574d61,512,6,50778.08,36164.45,4,1
21cd9315-40e6-4203-aa32-cdb46297e49f,754,10,56286.33,39942.63,8,1
c7a78f9d-0812-4be8-9582-7d24f805735e,461,5,65525.81,11818.8,3,0
0d3571dd-01e0-49bd-9df1-a3f0860ae023,315,6,61724.07,13815.99,1,0
47bd1588-9882-403e-a876-0440db5c39e2,778,1,44793.19,42456.91,8,0
954752c1-38cc-4f41-b9f2-29720b94fb5c,647,3,80697.2,31089.08,0,2
f8899e50-1e96-47fa-b49c-77ddb45fa7dd,707,9,81453.82,31522.4,2,2
b89e3ec4-7cc1-4ecc-ba5f-99e257baa7f7,412,2,82692.69,43738.83,6,2
4bb7f612-cdc8-412c-a5ed-8c00d151806a,703,7,58222.17,31656.93,2,2
9970addf-8984-4cd5-8fdd-f6db64750c36,677,2,95546.78,42716.13,10,2
d0ab7238-7ca2-4e61-a460-f77b762b2744,385,1,32643.38,24356.19,6,0
106c8e48-1600-4010-8e19-52f5d2cc8f4e,507,3,49455.5,23363.04,0,2
88ace6c3-33fc-4959-99bf-73dad28e4e56,345,4,54840.53,23851.75,8,0
00b3cfd8-dae2-4764-8a04-5beb405b6d46,386,1,27384.37,18960.67,7,1
c48afd6d-055b-4ee0-baeb-91eadcc9d964,510,7,86467.19,51728.53,4,1
ae65a6d0-b324-4b75-b398-7bcce3171c51,377,9,3960.72,1807.61,0,1
8d77b2b6-f352-493e-bf80-75a6740895a7,388,6,46386.46,26010.52,9,0
d30ea222-2548-48a4-9d5c-6d857f9e34a0,638,10,77161.62,37402.33,1,0
7d96b7ab-f28f-4154-bb97-1ac8bb1fb9fa,393,3,79376.88,42497.66,5,0
396f3894-f658-4746-86e8-cc9d01080a68,541,4,58130.74,53354.67,4,2
355f5038-77f4-430e-9e0e-f385e511c087,631,2,35435.69,14495.02,7,2
c11c6787-a74c-41e3-9935-bfec6d7b2ddb,614,8,13045.92,4646.61,7,0
1d48277c-5344-4dca-b269-b706207ae9fc,455,3,38736.24,13293.29,1,1
3a31482a-18e8-4453-98a6-a255fb4eb702,671,8,67947.84,30798.03,2,0
53c61b3e-8e1a-4d5d-ad07-f67da63cf731,412,6,52399.38,49372.47,10,0
2c6ef883-124c-49e8-8616-d5d8874a27df,756,8,47212.47,45202.08,3,2
d0341b11-acf6-4108-a760-30c4f71a71a5,630,5,84068.94,69333.78,10,1
8b9c8726-8904-4229-8967-43e401d05db0,828,9,93918.99,6682.47,2,1
d2b5f813-1f2c-4b90-aace-83f95526f0e4,394,6,34115.44,23276.89,4,1
9af1ea4e-fa2f-40fb-80f9-ef07094a0997,413,1,3225.63,2556.83,6,0
79dbafbb-3efc-4b83-978a-b2274a9fd76b,577,6,65417.5,42353.65,7,2
9e741afc-4775-462e-90bc-a6dcca9e9840,628,10,58275.59,5746.88,9,2
419f1092-95a8-4bfd-8dc5-240482d4f624,811,3,62314.0,23033.35,1,2
a3026e8e-f909-4c95-885d-9eb858a9336b,781,3,75443.33,74149.85,8,2
66d6de49-a634-44fe-a116-1c668134ea69,660,6,16227.44,1668.92,1,2
423da887-dc85-4483-b7f4-ee9cfbed3451,709,6,48369.73,40812.17,5,2
dc4d562d-956d-4fc5-b77c-e2f03df6c7e0,779,7,62484.95,13556.79,9,1
ec74661a-9cb4-4f38-91dd-9971f8ac02fd,508,5,60003.31,50809.12,3,0
c53de78e-6832-4241-a363-ede3f0ea5929,720,7,74366.19,68835.7,6,1
b07009e9-ef71-45b0-9424-adbe13bb160f,516,5,64387.36,26358.38,8,2
20816190-5fb3-49c9-9b70-bce6b086ee7a,340,3,86599.27,37667.51,2,0
f24a66c9-324e-4e69-ad14-98bf5480d344,578,4,12872.08,9550.97,3,1
26ae8b9a-0cd9-4eaf-b4f2-3fa844523e5e,479,4,62886.67,25917.45,5,0
713629a1-f629-473e-a1b2-825435ed2073,725,4,89554.41,52866.68,5,2
91f231d6-7a8b-4cd5-b76f-f1ed8d218b9a,374,3,49540.02,19321.07,2,0
5db67b01-71ad-433d-beac-7900d9c11090,594,3,43378.42,19716.23,9,2
fb276102-8129-4ee6-8ebd-d7af62c2a21b,849,9,22550.22,7615.93,9,0
3996e9db-1ebe-4c62-8750-21e5996fc3ff,558,10,20976.89,14708.0,6,2
b7e2fe1f-1c5e-4927-bdb4-66bab57afec8,574,9,66515.56,52436.43,6,2
82023c31-aaef-4bfc-bcf0-e817333d7604,432,6,57602.4,7035.32,6,1
56d86672-b996-44c0-978b-a50ee3fe3c2b,353,8,26694.2,18143.08,8,0
9398db8a-e191-4b07-87c2-31fe837a61c8,818,3,93562.08,38487.27,8,1
917cabf9-add3-4988-844f-4710ef413a90,368,3,75428.86,71235.11,9,2
916eb0c3-8da1-4219-83ff-2d36d784f74a,314,4,7239.89,3735.31,2,1
346aaa8b-15dc-4d4b-a8e1-b88525523bfb,374,1,70676.42,66820.58,2,0
f0e87aa7-7a2a-47ed-86f3-e7b706e7be7e,444,10,41135.23,32076.61,10,0
f3bb75f0-086b-401e-ac4e-f2c369ccdd27,627,5,56043.18,44125.69,5,2
340576e6-2967-4903-9b64-7b0e3bcdab1e,661,6,68132.09,65920.14,10,1
098bc364-3d40-4a5a-8dcc-2eca6d387673,531,3,15452.99,14847.41,3,2
11d16d6b-e11c-4703-bbc6-7d7d484b492a,720,2,34429.9,18663.11,8,0
74270462-79f9-4626-a7ed-474de6c6709e,821,1,69464.23,45736.7,8,2
63e5a624-1e49-4ca1-ab1c-82bf2b8732f0,350,9,14339.12,357.6,5,2
a6b1def7-4153-4fbb-8abe-7dac1d3dc711,484,2,69243.44,255.39,7,1
255b07bb-c52c-4377-8b07-9a5a0c7ce687,354,1,75679.24,1934.26,0,0
97da8cf3-49fc-43bf-93b7-e68618420b53,529,2,56071.94,54931.91,5,0
af3936ef-fd7a-4587-b59a-4203ee21c3c9,824,3,49309.17,16366.63,0,2
86ecb01a-0ab2-48e5-ad1b-86bc409924ed,450,6,27643.38,5183.75,10,1
2d2518bf-f6f2-4419-90ed-ed608a50f7ea,769,3,59151.64,30064.45,8,0
6c2f5f90-0964-4ae3-8931-4b2389358ab6,328,8,51233.28,50718.85,4,1
4fb1096e-8fee-425b-995b-62563e5687f7,699,7,45360.26,23361.78,0,1
6562e382-77a6-4054-a5bd-b8428db9af79,390,3,58821.21,28573.82,6,2
10ac9ab4-0906-45ef-bc0e-27a7e8e92fa6,783,7,11206.54,5269.5,5,0
47efb8e5-a279-410f-9a93-f473a492bafc,713,6,59777.53,2409.77,9,0
8887b346-90f1-441a-9308-5c6c5254a6b3,322,2,44891.25,22881.77,6,1
68079da9-3dee-4f23-91a1-a7a183a3d67b,569,5,84183.56,57937.86,9,1
fefc281b-9a0b-40a6-be2f-00d240d4d247,619,1,24145.49,7868.74,10,0
ad0c5d54-1ef9-4c61-83c7-6b2c91a1d103,641,6,29444.28,9726.59,6,0
8e18c512-dbcf-405e-9941-08a9ab1892c4,394,2,45217.61,38881.42,0,2
29ff5079-b20e-4160-aa75-9fdddf9203fb,720,1,69522.35,6340.51,1,1
c55a6549-44db-4cb6-ad5e-426ceebedd7a,436,8,25268.05,9071.11,5,0
6df45d39-b970-4f63-97bb-7344c837aa67,508,3,94363.63,79956.4,2,0
0b759c4c-5605-44ab-892e-220cd9668269,529,4,16509.6,8155.67,1,2
67fd3501-6ef2-4110-b2b6-b19844c7fff6,793,7,47714.99,6315.09,1,1
e2b99c06-5928-4d78-83d8-e0e7985cc5f3,597,9,71854.01,9616.32,7,0
d05f4600-14d1-41c9-910b-5a259bb8f426,483,4,84339.54,55470.8,1,0
1db3a6c1-a920-4a1b-8ce1-2cdb39be09b7,711,10,76103.27,26457.48,2,1
959ed24c-38a3-4eae-beac-52682d14a646,817,2,73531.48,9978.22,8,1
c627fcfd-95ab-416b-bbd5-d9d409ce9c9e,710,5,48950.24,21133.12,0,1
efafebed-c698-422b-a08f-4651a8c99606,538,3,37340.27,11523.86,8,2
e815eb7f-057b-46ee-9bc9-97b8d4e644bf,444,8,57980.58,50889.73,1,2
d9835a54-8598-444c-9f57-69a15e826f63,631,5,94281.26,32040.59,6,2
f3f81e89-bd91-4f71-b1cb-ccd9536afbb9,683,6,67327.84,36417.02,5,0
e933073c-a518-4fc5-8af8-a4e85abe3b7e,404,3,60617.23,33974.33,4,2
fdc43cfb-39dd-4b4c-b1d4-a5c554a6daa1,606,10,28076.07,17829.76,6,2
cff40e21-fa39-49f1-b8a5-c1228ddee50d,832,9,55175.87,37450.76,2,0
d54cdcf3-dcef-456e-95fd-5332e8c0cbc6,441,9,68287.54,21750.22,0,0
f8b2b3ff-c7a0-40e1-92bc-04de5113cf7d,370,7,5014.82,1604.05,1,1
32f4e8ec-3537-449d-9ce5-ca537d344ab5,351,7,23839.59,12833.19,3,0
82141eca-df13-4662-bff1-6cf38f63dde2,391,9,56288.63,38024.29,6,1
1d0a2f8c-5123-45ec-932f-ccee75b34d64,832,10,92158.88,6237.35,2,0
6b9f8d94-a6d2-4e6d-96e7-3174ec390140,765,3,87729.67,86644.3,2,2
1b09fb16-dc71-44dc-b228-20022ea4afe7,646,6,90319.09,31632.11,8,2
8ad400dd-11a9-4ffb-8b0d-3ff32324a27f,639,7,79308.4,70386.09,10,1
19f2125f-277b-4cb8-bb8a-edce9d2421a4,471,1,84432.05,58287.9,6,0
4164dc9c-cc43-4045-9264-4519ce8eab56,849,5,5946.63,475.56,0,0
b34583e1-7b57-4256-a838-6b28dc41e4a6,692,5,73350.97,37145.72,6,0
a09c24c2-cadf-4ef7-a815-88f8ca244933,643,1,47132.16,27034.84,4,1
753d7176-545c-4362-9f5e-9592baa341cc,673,2,69021.99,44890.17,6,2
aede7db4-24c5-4ba4-b0e2-0839e1d0a658,339,1,94321.89,10059.93,10,1
d13a4cd1-fa06-4fe5-b13e-178c94939bab,321,9,94389.73,38886.75,6,1
d0255380-c1e3-4653-8501-d40950d072f0,361,8,61446.55,33364.38,5,0
6a5d2767-3d4e-48e2-ac54-e034e3df8387,390,4,6359.29,2444.12,9,2
04abe3f4-a9e5-4535-b08e-7eff6f03406a,501,2,22633.47,20666.4,6,2
35c8c4e0-4532-4ac7-b249-b7debdb653b0,487,2,11476.53,983.85,4,0
91f99d09-59a8-48cc-96a2-633565b3d552,441,3,31336.25,21255.99,3,1
5690717d-14ca-4ad2-b9ba-e008e5ec5f4c,728,2,68781.03,21210.53,8,2
e2de06cc-429a-41cc-aada-7764fa031aa2,616,9,73628.52,20302.87,1,0
84e1e006-dcb0-4f58-af2b-407fbe2ff2f0,571,8,84132.23,31656.37,7,1
67bc2b51-a316-4cb7-ae6c-df377a7ad5b6,782,2,18854.31,8717.56,3,2
1f61605a-8958-4acf-8702-e479528d02fe,369,10,5805.77,520.86,10,0
3e226f45-b816-4918-b11a-262a9491a1ca,406,1,73566.1,14830.61,5,1
f27f35aa-46e0-41f0-9e24-57255a60dbd0,344,6,52341.56,878.25,9,0
1539d33e-69f6-4221-8d2e-f553a27631e9,646,6,14061.69,12637.84,2,1
f40dfff9-0fad-47ff-90c6-0d017eb827d9,456,5,12865.02,9657.04,2,1
2bd6e4d4-6b95-4b2b-91ee-5a68f70c9932,714,9,22650.01,13252.91,4,1
2e9e1c85-7274-4354-b823-f4b6a85519b5,839,2,38392.64,16323.01,1,0
898505b9-8d70-4c89-9f6f-c708ae273cc3,734,4,18526.45,14564.34,4,2
eec6f878-56c1-4cee-9e28-13f6686e110a,491,5,9938.87,6702.9,3,0
e1f299ed-37cf-439f-afda-12549fa3d467,367,9,92081.45,88579.36,3,0
7b0382f6-195b-4845-acac-0455f47d95d1,840,8,12172.16,2135.28,3,2
e63f9817-f659-4650-878c-8e2ab413379a,788,8,53128.41,45748.31,9,1
2fd92d95-447f-473c-be74-5122e88b410a,617,10,46334.24,5055.3,9,1
52811b49-4eab-4b75-b3f9-eb707dd5931c,384,6,28982.19,24784.57,6,0
2838c81b-7f79-4471-9753-0a3119ae1378,433,4,50109.72,21920.93,3,1
bc7202e3-f913-44e8-a102-115241252fc2,669,10,18312.39,11553.34,2,2
0ecf8182-db32-4979-ba55-024a58cf0b88,613,6,15009.26,9550.75,9,2
6296c6b4-5f73-4fd5-8683-0c8c5b3ddcd5,634,10,95932.96,402.92,9,1
5fda7405-3f50-4e39-bd4a-bb7e0155c6f4,545,7,26147.43,15248.09,9,2
f541e312-a405-4eaf-a885-59bf17368d11,809,1,94907.17,38171.54,6,1
697fa948-2baa-4410-be3a-9bdb43ccdda8,718,3,2855.36,1612.26,8,1
0fab015b-a556-47fb-8725-c085b9c039c0,595,8,55179.46,3713.09,2,1
6affd11b-d94e-41c8-b530-84aa42c0bec1,539,10,37797.98,7778.55,7,0
5c5e7e47-072c-4f4d-aafc-cdab7a08a749,746,3,6413.77,1170.71,10,0
aaff04a0-10be-4161-aaad-84211349ba1d,700,2,33705.96,16381.12,1,2
06affe50-af33-43aa-aecf-8b308e70c5ee,541,9,57150.11,8184.77,0,2
a990cc66-d4be-495b-8ba6-71d5938c1e2e,430,1,10380.0,1641.55,10,2
99018d3d-c445-454d-98c7-483f250ede19,752,10,35050.31,12286.67,9,0
89631762-5827-4ef2-bfbf-f5ec0d75022e,590,3,9290.15,2238.3,3,0
823ec0c1-4f02-4923-9a58-6c53c13d7a9c,550,2,25288.43,6148.63,9,2
d25b6e43-30a1-4e3b-bb38-b7bd5f8da3a9,833,8,71659.84,30998.07,9,2
0e8d90cd-a163-4c9b-a641-aef70168a8a3,627,3,21954.17,3408.67,4,2
050fbaca-9239-4fa7-980f-1373b76f57a1,357,10,88925.04,33877.59,5,1
537c9406-2574-4dc7-981a-04a23c170e49,491,3,3983.72,193.05,4,1
87e38d0c-2903-49c7-bc5a-e1c57afdcf76,759,10,25363.26,5850.29,10,1
76971846-99ed-4001-90b3-bdeb6ff41449,397,5,75717.78,30459.62,8,1
a3f9015c-d885-433e-8ee7-907eea65225a,491,1,68266.55,29710.51,9,0
04692706-9dbb-4f5e-89cc-acf289faca5a,350,1,62925.82,6672.66,0,2
92d001d1-3859-496e-9c97-10c9d7fa054c,484,8,75036.15,11830.45,9,0
4c3541c7-40ea-41cf-a86a-eed2efd251c9,578,8,5334.99,477.83,7,0
4e818f50-64b4-438f-aa3f-120530e70a1d,728,3,33053.74,24176.6,7,0
22e2b865-4688-49fa-91c6-7f2cfae92969,566,10,75209.88,35599.67,3,2
06a90480-6bd9-436a-ad01-1202d83e2b53,701,4,45327.21,9762.72,5,0
2fcb0806-5f47-488c-abc5-7192c9898c92,698,7,23463.21,16290.35,2,1
cc1a92fa-31f1-42b4-b737-57fd671848d0,476,1,24507.72,3063.47,7,0
02cefc3e-e2b0-4769-a060-08f6724cdace,655,2,56827.38,4877.98,10,2
4d35fc12-f188-426e-99c9-d6840f70d4ba,439,6,1995.16,681.12,5,0
0685dfd7-29c3-4494-a929-a0e9fa6ea3f3,700,5,54034.1,25398.51,6,0
3e3475dd-b0ea-49b6-a3be-20b5a681b904,345,6,82343.45,71195.84,7,2
8c582109-369b-4053-aacf-5ed86f845246,450,5,74443.18,48677.25,6,0
7a7b7e4a-825d-45be-9577-14d36eb46760,684,5,87794.69,76421.97,10,0
421a231d-08b9-4d1d-82ac-0e2b0ae8cba0,682,10,92931.39,832.13,2,1
17d7374f-335e-4909-84ac-f15c4dd05d9a,586,4,30470.61,14098.39,4,1
891ed5c3-9ab0-4066-bb5e-c53d615ae458,521,5,15594.57,10956.36,9,2
11dc9973-cd57-4515-b90f-c0e1ccd56f9a,830,6,21963.97,18179.95,4,1
4ff5a566-0f08-4313-a418-fd794dc64941,576,4,91914.41,50935.34,5,0
afbddaae-0583-40ce-8ffc-fee2e47e001f,624,1,36223.64,9013.62,9,0
6d9e0682-01de-4c27-b7d7-c1537671a06c,402,4,99179.17,48434.0,2,2
ba5f9fbe-0925-4730-aa48-b736cc7e0c27,679,5,51498.14,15158.41,2,2
d47df7e0-732d-4609-91d9-5998483cb42d,415,2,38231.7,10104.8,0,2
2d38e4e3-3a50-4880-9c4a-36841c92d49a,367,2,49466.46,14498.49,6,0
37e819e4-c139-4c85-8af7-21977974d4ea,746,7,81142.32,38514.58,5,0
364e96d7-54bf-430a-92e5-da91dc017d11,572,1,25826.45,8889.08,1,2
139e730f-ce6b-480c-a7a4-4492fb7dd286,353,4,32032.84,623.97,1,2
7046c404-8ad7-493b-9fdb-7c9da68b2793,832,10,93849.66,11639.05,0,2
8fb6eb11-0681-40df-a634-7084b3e3ee3a,640,3,98601.42,69183.93,1,2
562eb79e-90c1-4d4c-9699-9a6b1b15b55f,845,9,72000.89,15815.27,4,1
0ecfd4f2-7cd8-4fdc-aa18-2c5a383ff382,652,1,78256.04,77342.42,10,2
42c3c1f1-a5d0-4660-9f86-c22fbc2ba7e0,648,10,61033.44,20599.35,7,2
52b2177e-cbe6-4cfd-95a9-27d21669b391,573,3,26455.25,24950.13,9,0
da8e8c93-c48b-4b88-8baa-13fb732bf263,744,3,59820.37,48768.24,3,0
e6ae7a35-6dd5-479d-bc98-b2c572ab6fbb,820,1,12996.17,12817.43,10,0
84d18b4b-ade5-4231-9d14-f9d2ea686183,615,1,80330.42,18491.32,1,2
96ee5453-896c-4050-ae47-9a69f361044f,660,4,61940.82,27269.09,5,0
f6caca71-caaa-4b9c-b2cb-aa48e328b5e1,765,8,24034.14,4684.45,10,0
def043e2-6466-43bd-a2b0-9d1182ae6137,848,8,33359.97,14205.9,5,1
7d71f4d4-371e-4392-9e53-a27ed4d43959,359,9,26874.85,21397.19,9,2
52e6456f-c148-42eb-8890-500242f038f2,543,3,4696.22,2535.4,10,1
f8e5ddda-98b5-4477-95fa-6eb38b439454,810,1,85028.0,82032.62,1,2
5f31480c-76e0-4435-82a6-b035c9a87740,796,6,34488.38,20241.37,2,2
2e4d1ed1-05ec-4810-bde8-b3144e8ec82b,719,8,43081.15,42014.47,7,2
8f1d4aea-17b2-40b0-8ede-a37188c8945d,503,2,9774.18,8993.24,2,1
0b6a737a-c98e-45d4-ae2f-341d2628b6ca,503,6,67182.68,64750.94,0,1
0acf3c0f-b235-4902-9a34-ecb84c6b6a63,487,10,85507.93,64103.57,7,2
df57348b-a803-4399-9ea7-ea85a7bc5cd2,530,1,40927.95,26013.02,6,0
51734b53-63bc-4f1e-a194-1e343648c849,683,10,82212.34,6661.53,0,2
52c1895c-671a-4596-8269-b1b94efec2fb,428,10,93158.96,8381.24,1,1
a4efabc0-7b18-4432-8350-5ba715a533d1,364,3,24793.83,5631.94,3,0
29fce673-b10f-4a6d-8902-8294ba4bd3f2,511,10,81744.41,73026.38,0,2
f7b0e0d3-d30c-4adb-bc61-a705842b41f8,700,4,9910.1,2678.5,3,1
5afec0dc-36fd-4064-b64d-571a6688d949,643,10,59229.01,30076.29,1,0
8a0466c7-3fde-4edb-9736-ee1c7595df90,618,9,3175.8,1815.01,8,2
6ad54817-6233-4840-964d-bad5e3dcd225,674,7,22706.9,11619.06,2,0
148214d1-81e2-49c3-af7f-fbc4ae9f54de,385,9,39932.11,18962.89,6,1
e6f16214-5997-493e-8a2e-f0414abe47d0,485,10,61270.62,40978.25,8,0
5bcdfed6-f60d-4f68-8069-d433fc45e667,423,5,55221.53,32611.86,1,0
181def02-3fe1-4ca5-ba80-9b751518d81d,332,9,74469.43,45902.36,5,1
ce8d5372-4dcd-4bde-b0a7-bc01ca994fcc,630,3,51698.66,25941.75,0,0
d4c63589-6465-4b40-b22e-b8c004915b52,455,10,58929.78,45085.4,8,2
d3381401-d03d-43cc-9204-beb7adaa9a5a,443,2,85932.88,46727.38,7,0
9d32dd7f-9715-441d-b134-2f79a9dfddf4,757,5,63590.13,46701.26,3,1
543c3d58-50f6-4661-a22a-8e931c50fffd,683,10,27365.69,10059.04,1,0
d346eb22-c3bb-40a5-81d9-1658093c9f6f,780,7,17490.97,7358.28,0,1
86077b66-212e-4964-97ab-f6f6b7ab6f02,341,5,52779.35,43666.41,5,0
e78551dc-a230-432c-b9b8-c430e5205b15,331,10,32044.87,19278.04,4,1
2bb98a67-e5c1-4e4a-8822-43358a992103,610,10,74957.38,65219.01,1,1
6f845f72-aa27-4096-a391-8ada6c8bd50d,524,5,85117.49,5923.28,4,0
7adde0bc-e771-4eea-9a6f-205700cccb9e,550,10,37121.64,29142.08,6,2
cd22804c-f2ef-4df0-a547-0329f344bf63,493,10,15154.74,8694.46,3,0
92f45819-b603-425f-972d-e239eaebfda2,835,1,28874.63,16340.22,0,0
6f9cedcd-f6c7-49da-8c23-a37c76b07169,325,8,9877.93,2264.63,9,0
75fc1891-84a6-4fa4-bc3c-41bf426b095e,596,4,36928.7,7615.04,8,2
c1a5fa31-18de-4c6d-a2d5-b595d56c0ec6,437,4,67465.61,38557.47,5,1
f228b65a-c3eb-49a6-b25b-8fe1aed09866,523,8,66790.85,63561.62,6,2
9dce131a-89b0-4abe-8387-e5262b9296df,307,7,94061.71,93230.75,1,1
a991726b-f52f-4b7c-9a7e-cc01492861a8,561,5,70978.6,38332.49,6,0
a8d24f9c-0a4f-4499-81cb-a08c9482fd44,541,4,50292.62,12291.01,10,1
0e91fedc-0c06-4b16-984c-d9870e3ce7c1,549,6,15033.16,372.58,6,0
c78e4ebe-fc7b-40b5-8259-828066d2bb4e,661,9,87090.7,5484.62,0,0
1a0d3b7d-752f-4094-b65c-91fd30593633,748,10,14833.87,11196.5,6,1
50a7708d-dfc4-4674-ab82-aacbd8a63a8d,820,10,58628.44,16631.66,6,2
e3707f63-3cc8-4b1c-807a-151185ff6d8f,643,5,48825.77,3091.72,8,0
dc785b94-5e70-464a-b0ca-1925a6519a0f,685,7,89266.73,23564.92,7,2
48dbafb2-9ec8-4aa7-964d-81f6107fcaaf,784,2,67140.55,20896.64,9,2
623236e4-0aa3-490d-834c-54bfcf75a7b7,595,6,40042.39,5863.57,0,1
dfa86c60-1c76-4928-a1f1-3d2ea2ecc438,585,1,71020.28,10505.01,4,1
b61a1d31-0fea-4f9d-bad4-35c020873e0a,573,1,60323.68,49782.62,6,2
1e40dc2e-0e10-4a9c-99fa-54cc566cb33e,334,7,71825.96,35504.78,8,1
cb68f7bb-762c-4348-a211-99bcfb4518be,472,10,60404.58,34273.94,6,2
e8e09fd9-3418-4e40-b13a-f33209afb2bd,638,10,78269.83,71728.82,1,0
d7f74c22-4289-4a36-b7ff-f046593df9a9,505,4,35999.25,23357.12,6,1
9b6c5d01-7089-4c33-9ed6-4547b8bb21a1,378,6,40782.54,34548.16,9,2
572b0866-412b-4fdc-8a1c-c6fb80c8bd08,529,10,42767.14,28264.9,4,1
8dc9b718-e7f5-4b50-8955-86f1aa4514a6,483,6,15152.21,2279.29,1,1
c583caa0-68ff-4a22-a4b5-a6a31c9a1dff,702,3,82101.42,36978.86,8,0
8b0c6876-3061-4190-8fc4-db9a9fd5196d,433,9,8440.56,1976.34,10,2
96b343b0-c5ad-4a1d-9cb4-acb9bfeec90e,815,5,96910.75,65218.18,0,0
4b1b3572-f841-45d6-ad7b-24422cb94305,473,10,67421.38,12454.47,1,0
c5a9a077-471a-4364-a1ad-4dda2f608d3e,820,7,98617.91,89005.62,2,2
deb283bf-340d-4d0f-bb41-9b6a48883762,357,10,5175.24,2702.11,10,1
5922c424-5ac6-42a3-8e12-4d954c5c70fc,310,6,59395.51,29283.11,3,1
7de39792-d931-4f48-80dd-9403225f6887,304,9,83697.7,2102.83,10,2
4fa6f457-32dd-4742-8e60-5498e917e355,809,2,83827.11,66260.7,9,1
d80a6d97-6d26-4c99-a659-97d352a031fe,679,2,18688.39,4288.22,3,1
b6fc1cc7-02ec-46d8-8768-50d55def9a6e,780,6,39435.01,23098.12,6,1
c32807e0-50b3-47fb-89a6-16a135f22970,733,5,73863.97,63086.85,10,2
a87f77d1-dc19-4af9-83a8-015b9f5ffc1d,649,2,68343.61,63112.76,3,0
98a16371-3ad4-40cb-9849-3c569d1a9a65,713,9,24405.27,19535.13,10,2
4099a502-ec46-47e4-91f2-b0b8627915e7,709,3,79377.52,69749.67,3,0
47cc46da-4105-4828-bc00-ef5315a575a6,817,7,92088.15,51825.56,1,2
a0f14807-1c81-4a42-b50a-ec403a20ae7b,801,10,2867.34,206.42,1,2
31ba9ff9-c18e-4b90-aabb-a2d9b19a5b16,667,4,87187.93,8562.69,7,2
5304045a-f752-427e-b668-46f724ed1ff7,825,1,3116.0,3046.89,6,2
38f81449-f8ef-452d-acec-b6025c56d7ad,617,10,47798.65,20111.63,5,2
7f4e287f-6c5a-41b5-9158-214f04b648ad,565,8,85554.44,14780.72,5,0
63073851-8c21-4261-8cfa-af807bc998d3,329,9,99085.29,6344.36,2,2
abc476bc-a2d3-4e74-9701-6fc32c2c7e7c,539,5,4004.18,568.32,0,2
3014dd80-d5da-48a6-83c4-e71e7f1e8bce,783,10,82257.38,8931.47,5,2
b66c7a31-52b9-4f09-bf0c-8ec008b8a22d,302,10,83463.13,23535.14,1,2
efebf03e-659d-422d-b68a-6d4f10d36caf,516,8,70346.32,48230.43,1,2
1ba2e131-4580-4d9e-aabe-146b2b8821ea,303,9,44998.72,40299.52,3,2
b4fbcab9-e986-495d-b274-7b9a3c09a07b,544,3,62107.31,34956.77,10,0
045f4247-7ff0-4e93-a7dd-f1ee9ef6a71d,467,7,29201.08,19857.82,6,0
6d6b30c4-1a2f-486b-9df3-bec82c7670c9,813,5,98663.89,55600.2,4,1
d839be5f-a54d-4977-a35f-a03f5e0e6865,377,2,41548.45,12953.88,1,2
231d8d60-c49d-4904-a88c-d80e5fe9cee9,551,8,95181.04,38383.04,4,2
635bffd4-fa8a-4d1e-b1bd-a0afb2aa14f9,712,8,19920.8,8153.8,9,1
96319d36-95f4-493c-a5c4-2f9455e86c15,834,7,96494.77,83106.84,3,0
2294ceb6-f3b6-4c98-98d4-7a5ad2f6d6ce,692,10,20248.86,17728.58,3,1
13ce45c3-413b-4d4e-ba3e-b31d268a685c,410,6,75141.11,64596.36,7,0
37f85567-e590-477d-ac3b-37581ca8882c,316,5,85388.82,75069.13,9,1
022a1b10-ca84-4e7c-b8d4-c684e06ecad4,785,5,69719.38,39663.28,5,2
3dbfd4b6-90a6-4f16-8fef-b712965b1477,578,7,48478.73,1233.44,6,2
1bb23808-6dc8-408c-9437-a6017cfc42e4,577,5,79052.26,32516.85,10,1
9450514c-59fa-4d6a-8cb8-8a657a081f86,606,10,27173.05,25471.49,0,2
78b10204-8c7b-413c-9e30-21dc38c77a34,838,7,43564.25,39666.65,0,2
3ecc2cf2-6d09-4b95-b54d-ed4f2d33993d,753,5,4458.61,2451.04,7,2
ea51f19e-c57a-4a37-bd45-083fca01c1f9,303,9,51943.26,35150.66,4,2
1ec0d3fb-925e-45f4-a933-c852a43f5121,423,8,10128.77,863.3,7,2
d6e1cae3-cfd3-4f4c-af76-2052bebece2f,319,2,29048.92,1293.88,2,2
b1312188-a293-48cc-a978-1d5b77c03d76,419,1,48933.0,18214.18,4,0
bd200943-354a-4791-b310-20e4df4052e6,522,5,65189.94,20290.6,4,1
9e3b5e4e-d8e7-4538-92e9-57c605d93b20,357,6,70321.2,24059.2,8,2
2fba5d8c-bba9-4268-b8ed-deac2d469d69,493,5,38583.03,35894.64,0,0
41978831-5701-4f43-bf0d-cf0c54616797,788,8,11111.09,6049.77,0,2
86c26ae7-e990-46cc-b1c6-cf998f11d61d,715,1,99395.59,80970.38,10,2
0cadbee6-1d1f-41ed-8245-108d52741f54,365,10,47594.36,34345.02,9,1
bc2225c0-5a11-4028-9a7d-4fb9c55983e4,338,1,51064.21,34618.18,6,2
f78ce2b4-3f82-4630-8ff9-f81b8d3ac5ef,384,3,60928.71,48830.96,9,2
0e07f9cb-cf7f-44ac-b795-d7d9b89d7994,376,6,18029.36,17427.46,4,0
1b437516-8e01-4a28-8a81-57b950529755,557,5,4595.04,2618.49,10,0
51398aea-0af8-480d-868b-ea8dcaaee27b,704,4,70032.44,57354.66,1,2
0fec1200-6c40-4463-aea3-728f02746bff,670,5,16874.51,12570.9,6,1
7f3605d3-50f2-4189-bba4-e319fe6be767,553,3,52840.19,13306.42,5,0
beb863f7-3c21-40b5-ad2d-0ac65d7b90ce,816,10,78233.32,26639.33,7,0
6db3855a-621e-4c4a-b8ef-d2a70bca6a24,605,5,9463.73,7407.6,2,1
f25a5df3-0ae4-43b9-91b9-bd69d813eea9,485,9,30818.11,24509.58,9,2
acb3d705-a54a-478f-bcfa-ce45868ffa0d,496,10,41362.04,20970.23,7,1
78bfee4d-bf29-4233-9c9a-c3e01d42d704,606,7,25832.79,10655.73,2,0
a5d4f6e3-33d5-4857-b279-2b5abe780f35,590,2,27105.77,20330.88,7,2
f2045279-f614-4daa-83b7-4e122f691b60,689,7,35683.83,4355.48,9,2
1cdb84ae-c71f-47db-ac80-577d7bddf498,325,2,72456.84,53389.6,4,1
bbee6dd2-3218-4513-809d-3026101c849e,699,5,92942.0,45826.84,2,0
9fa45df4-f90c-4837-96ab-d55122642e00,735,6,33101.85,31624.42,8,0
4ec0e10c-67a4-4a89-840b-16ff75682e24,609,3,41223.74,39876.03,4,1
ec01b372-4bb6-4a33-8f9f-fe40b994db4b,447,4,24423.4,10922.53,5,0
fa0d3601-fa00-4449-96a3-83ba24dc1ff7,434,8,6023.03,4029.87,3,0
da340702-a31f-4222-a22b-bad8efb3602b,576,8,4701.32,2661.38,7,1
5303c415-4fda-4388-9368-cb4c6323bf40,408,6,78576.54,77622.27,6,0
4eb19602-ed3e-4f30-a68b-06988e70505a,834,6,30324.52,27433.06,1,0
120ae87c-3e56-4fa4-81cf-0562794f217c,342,1,79758.69,5202.34,9,0
8783b09c-878a-433a-b2f8-ec92bea7b3d8,774,9,76118.89,61271.23,1,2
cba369b6-6791-41a1-b394-c5a1dcf5eb4c,379,4,22121.0,15360.46,0,2
ef4d18a6-61b2-454c-9409-84e2bb1271d3,551,2,85600.33,60754.72,8,2
b7e3f247-5ccf-40f5-b117-c19c9782a7a1,491,10,49340.22,15397.23,6,0
8ee27de6-d7b6-4f79-bb7f-a1189d4a39b1,689,6,29273.57,3010.56,7,0
da5d78af-6b9d-4aad-9cda-b00992d2d09c,766,8,62735.13,60726.07,2,0
688f8cde-e850-47f2-8e3c-f92d84781e70,759,5,76358.87,64547.38,2,1
dc987df3-5abf-4609-b994-4176a0b214c1,367,7,50097.56,21879.71,2,2
7a57f8bc-461d-4df1-90b5-5556e820acf5,488,9,70726.54,22091.46,6,0
2a3f7780-47d4-423e-b41c-879b61eaf979,374,9,51209.8,1808.73,0,1
7eda485c-d245-437e-a872-b18267dca0af,521,7,51232.71,26826.39,2,2
5aa4c9ab-78d8-4cf4-bac5-ddf136f5110a,817,10,66737.83,56918.75,1,0
063df7ff-a215-4ad6-b966-39279856cc2f,717,1,28918.1,24789.48,5,0
7aa63a2a-fc1f-47f3-acb5-21fe1c01c590,577,2,61824.12,29960.2,9,2
86e60dfe-5fde-4909-8794-9743690fe156,448,2,59614.51,36184.31,10,1
769a607a-aef3-42cc-a21a-430076b9b9ad,791,1,75434.08,60048.84,2,0
a23b4bfa-0604-4351-9a72-6b2fc1cbda2b,651,6,86173.05,64369.35,4,0
1b8bbf45-9912-42b1-87ac-5f8982c30178,345,2,98250.66,19828.67,7,1
394c1b2d-f0a8-4e2c-bc35-c751f4139cfe,543,4,87844.52,16509.69,5,1
eb413d9d-65a2-4096-90c6-c2f481187b29,682,9,60136.32,18962.49,8,2
27a8a85a-30ad-4802-8cc2-0dfc1f858627,597,5,22667.67,19940.06,9,0
ce7525be-4db3-4f7f-9228-79c8d6a598fb,650,7,76596.44,7196.12,5,2
ed2432c5-36d6-4690-8f8a-36c7a37515e7,444,2,85233.72,42345.91,5,2
6a1260e2-334f-458e-82b6-6a8a493479c6,694,1,39158.97,16542.56,4,1
2f40e616-c7c3-4209-a8c1-07186a320b11,317,7,16275.01,8111.32,3,0
d879d3ec-9c0d-4004-9c22-6d51c4105c24,501,8,60873.95,10745.37,0,0
250fb1ed-b09b-493c-9aaa-0b3a114ce7c6,597,7,33538.93,17594.39,5,2
2efaf2b5-f8a8-4348-82e2-9c160a7b3a6f,631,4,27549.32,26650.76,10,0
a1fe0215-acf8-4c14-8905-38ad0e82b1f7,849,10,74785.29,40041.43,0,0
cd05aba5-c862-4ba2-9908-bceecf9b94d0,579,4,65521.82,41970.46,6,1
ed096211-8b0c-4326-8a0a-707392b83f0f,504,9,13994.26,2790.03,6,0
1254cca3-97a4-4cc7-8fe5-e32c37243184,628,9,87198.14,7306.2,9,2
df9ab1b5-a2ff-471d-8129-6b5814d79bf1,615,5,56924.32,7482.49,2,2
e5bba499-6294-4669-9fde-4d7773a4d9ad,648,6,62463.3,12613.14,8,1
0144511a-bab3-4536-9449-d80690d90511,595,9,15065.16,12814.28,7,2
139d0f01-defc-4b05-b500-fdaed776d785,316,7,80302.74,43743.18,6,2
1eb9c5a9-146f-40ef-982c-c5b727672e80,712,4,77426.82,28643.11,10,1
bf9437c9-2478-4f6f-9c66-55790751fd28,330,7,35689.17,27694.39,7,2
a7bed013-1fc7-44f1-87ea-b896b511cd04,454,1,66891.6,58755.44,1,0
d5880c67-bd9c-47f2-8078-2f32520c709a,553,5,44473.87,24323.21,10,2
52a4609a-84f7-46af-9f14-08ff533a2800,735,10,4688.93,3336.19,7,0
e100ad2b-f9ae-4aa9-a4ea-eb02477497ce,602,2,29005.37,23748.08,9,2
7cea8fc1-6ed6-420d-9cb3-77ec3d6a7c62,342,6,35491.92,30845.42,4,2
501e2ebe-9c1c-49ec-8c0e-5d9dd313696c,536,4,70723.38,12984.17,9,1
88c2cae6-5fd7-4334-9d60-b5abec754853,386,10,84820.22,54240.18,8,0
1405cd18-91d6-4a1e-bdd9-3ff873edf228,329,2,98874.36,47132.67,7,2
483a1c12-c6b0-4133-8a05-afb3eea81aab,375,5,49705.31,10440.99,3,2
c3c9136a-a721-41c7-95be-341cccf90c75,848,3,49487.76,31255.46,9,1
c2c14d81-6b3d-40a3-83a5-721d839920ba,740,1,53967.13,46820.8,8,0
fcb09b8a-2a09-4586-bc69-d901cd5d1a3a,312,10,45642.98,15778.58,4,1
6b276578-341e-4cb5-85a4-ff7318fb958d,440,10,34780.07,4942.43,5,0
2c81fa81-042f-417c-aafe-05b299e6f46c,398,6,35647.13,5280.01,1,2
33366a38-904f-45ae-8fc6-7647a22c75db,751,6,95625.96,90477.35,10,1
e952ad73-2ad3-471a-89c6-9d4701042f50,553,5,65269.77,40696.13,4,2
ca0cee22-1b4e-4d23-832b-664fc55fa8b9,837,6,36542.24,20798.74,2,1
67fb2d84-749e-4c15-b282-91fb281032fc,765,3,36656.31,1304.33,6,1
dbaf8050-1274-4fd8-87f2-1f600b6ea76a,421,4,32529.12,26444.73,1,2
9aa7786a-1c76-446b-8250-874f5002cf2f,562,10,25004.91,14944.92,1,2
4ff0cf27-f1b3-42fb-b464-a759ea3ddd6c,690,6,4952.08,2983.02,7,1
956f6f47-628d-4e28-bc67-32e43984a4ce,780,4,91352.54,14131.46,9,2
3df26562-ce26-45ee-b880-e3a80dd23666,399,8,40273.21,9081.09,7,2
b69a7262-ab0a-4ae5-baa6-8f291a0e8fa5,771,8,46159.99,10590.55,1,1
6849caa1-4049-4231-b97c-e0b09d90d7ef,304,5,14476.13,12062.0,10,0
098dfb1c-5d43-4b5b-9cd4-0c68df633177,426,9,73706.89,56740.21,2,2
4194dc6f-25c9-4d1a-92a1-2592bbdfd495,782,4,40902.65,6653.82,6,0
4224390a-177e-47aa-9396-e808d008e23a,357,10,98807.63,89126.5,4,0
53190df7-71ba-4df3-81ab-c7ad9549e490,523,1,17479.75,10967.72,1,2
1535f2d4-eede-4e16-93d8-533c8c323d18,434,8,76806.68,37010.09,8,1
4575e39f-1a8c-49ba-82bd-79579a981c1b,444,1,68751.46,13824.45,3,2
e511cad7-19ee-4416-bbe7-a2768740964d,555,8,66117.5,9041.15,9,1
dbd84102-3900-432e-ad48-1ec9051fadfe,616,2,25420.29,15583.34,6,1
f4ac8ad1-bb2c-49aa-ab18-d124cf9878b7,428,1,86737.15,30152.92,5,2
4ee80774-e6b9-43d4-a796-38bf996fa21a,609,6,95428.58,20517.09,4,2
847480ac-2dfe-41ed-bf13-fc1041b66fa2,413,1,68569.28,48169.29,2,0
f375e61c-ada5-476c-878c-014fb3e4a98c,356,3,23096.78,5450.78,7,2
e2487474-d182-40d5-8a9f-1cc2bcee509b,447,7,2598.54,478.54,4,2
1d689a84-d71e-4628-89df-eb3db0f03b86,595,3,76330.52,23943.66,10,2
dd8474c9-3ec8-4918-9c79-84c24fefa062,437,3,17158.29,6173.33,8,0
9646a7d5-01f7-4b3c-9e08-89e5c5b37056,810,2,4016.93,2640.61,1,2
753af28b-7ffe-462e-8d73-8c60a8598297,441,8,5538.43,4771.93,3,1
bc1a1c87-e265-467f-9c30-f5b16e420eab,439,8,72530.9,18640.18,0,2
cab8c985-3ca7-435c-ab08-86361f41d2f5,497,9,53463.72,30701.8,5,0
68016744-1691-4ce9-a0d4-f3729f9c923a,686,3,29664.76,27104.94,7,0
f603f06a-8f1a-45cf-b818-0553f22486ad,630,3,88784.82,72085.04,9,0
1f2d2cff-5fe6-41f6-8628-0d5993192d4a,687,4,14511.3,6376.7,10,0
4d4588d6-7b7c-437e-a67d-03b22f701725,696,7,22228.53,18216.86,8,2
5f7fa65b-40e5-4145-a688-0e884b0dde36,847,2,90569.32,17107.39,3,2
62610b6c-46a4-473d-be2d-e1981c4f50dc,616,2,23546.12,388.29,2,0
e7843f76-9b83-478f-b72f-2d5aa8b29e86,582,1,94625.61,60060.55,10,2
ed211308-a8b3-44e8-ab1d-14320c29f52d,622,4,86670.1,4441.2,3,2
6e161cda-1a65-473d-8fb7-cc9f4b8c39cd,406,10,54168.87,14464.14,6,1
d22e5c8c-081f-4219-b40e-258346bfee0b,627,4,76660.09,34825.22,7,2
741d08e3-690c-49ab-8fb2-abfc1b4c9e53,306,5,16749.71,3978.5,9,2
5f0f4ba5-1a96-4caf-a178-8920f634ee7a,379,10,64406.84,36738.6,1,2
68390cca-d1f4-4aa4-8880-66f6c5ce9e86,576,6,50887.46,32581.16,8,0
88251e77-e399-43ab-be60-6f3209a90914,440,8,17319.22,11990.9,10,2
64773df2-8dda-43d5-9cc8-1484d6233f41,583,10,81484.05,32863.97,7,0
33416b3e-0cd6-4245-bcf6-e4914caec7bd,405,4,92213.69,63607.08,6,1
7fef7d91-e9f3-4905-b410-d90ed79d5308,590,9,46125.35,5625.68,2,2
c6622765-ff46-48a7-97f9-b106635a6d5d,439,2,67547.66,40901.91,6,1
1e4204d2-d261-4b75-9387-c22691ac05c9,431,9,21267.88,7115.31,5,1
cf646c16-c865-45c2-abdc-a08ad8495e3f,585,9,56501.26,23374.33,1,2
c24b8599-96c0-4db3-b2d6-a02bfcaa2392,366,4,93453.71,23425.5,3,2
38ee63cc-bb93-402a-a619-863118ce5a91,469,1,85232.6,16910.87,10,0
bcf2e022-1674-4de3-a5ed-b534a525f999,400,6,14651.16,11697.51,3,2
f387025d-ff31-4458-862e-68d3ac97c0e0,461,6,35378.87,11041.21,4,1
d47c1cb9-232b-4c5b-9e56-9eaf85663d32,609,2,79283.3,30997.52,8,0
0694c23b-f7e8-4238-85a7-75fc736d9c44,674,4,25511.63,14724.36,2,2
d0b51387-649c-4cba-964d-74bb3374852f,627,10,2962.07,963.73,7,2
fbde8ce9-3022-40db-9528-a4d95affdfd5,477,8,69949.5,5225.72,7,0
b3e37647-e435-4ef0-b768-ee36eeb75755,315,1,21307.99,1603.33,0,1
de9f41ff-dbb3-4bde-9116-0a82425da234,340,3,54012.98,2963.13,2,0
b4aacb6f-ca8e-4b14-b7d2-bdda3b8d0a6e,376,6,70012.76,7530.75,7,1
cc49c985-7c20-4cb2-bc16-0aabc0e7e947,406,3,54668.11,21211.65,4,1
2b1ad8cc-4bb4-49e4-a527-3d6a3e03ebd4,632,9,79013.08,12676.85,1,2
d81dd3a5-a3a5-4154-8432-09fb0b8f2457,398,3,39300.41,12460.88,7,2
58328bae-f940-49d4-8188-7bfe5d5039e1,697,8,78755.2,75926.45,9,1
389d0868-14db-4f08-b5ec-5aaefca7216b,778,6,88817.49,44475.84,4,2
a56c5a2d-3372-4cfb-9a41-4ed25af875a8,542,7,26578.79,10315.5,6,2
4c297b8a-9b70-4b53-aca4-8d8bc485a169,483,4,36033.72,7895.43,9,0
dc118f30-da1a-4eca-9fd6-0e0a13c08e11,771,10,7452.03,8.22,2,0
2790aa4e-a48a-4196-b958-3d8410d6f484,647,5,78806.38,69681.14,3,2
a4d4c466-e9b4-407e-a3c6-8f1a6f6fb57e,478,8,51948.47,13783.9,4,1
483c9be8-2d79-491b-a816-f4b32df80675,401,5,68905.42,27012.46,9,0
8aedcbd3-d868-4845-925e-8533b246f889,813,10,9663.61,3710.31,2,1
643ae02d-4155-4701-850c-1d104bcc7d11,587,5,77886.42,46132.63,5,0
2f5cf944-5057-4a92-8932-787d3d3863b4,377,2,5574.5,3684.24,3,0
deea917e-c318-4e86-a77a-9bff8205d260,628,10,29273.87,11384.0,10,1
bdcd5b89-756f-4b70-bcd2-27101686f829,324,5,56511.8,38740.66,0,0
a5fa6c8c-8a6a-428b-b3dc-f56d7616b9b6,683,7,11812.18,10156.64,2,1
91fe9ac3-c2fc-4ef4-a25c-e33b235001bb,695,1,30508.85,27084.59,8,0
42ac43b4-91fa-4de6-aef6-169954f809db,770,4,93546.03,39232.72,7,2
9e8eba5d-4dc0-4b02-834e-620776d9321b,613,8,46500.23,31674.0,9,1
d6072e2e-8e31-4827-bba3-decc8d5cc7dc,373,10,58984.57,13517.62,5,2
4d755010-0bb5-4fba-8cf4-d75772258981,376,6,20528.45,8417.63,7,1
2dc63f57-a693-439f-869f-91c217170f0f,792,6,28927.78,17968.25,0,2
